date; pm10; o3; no2
01/12/2021;8;20;6
02/12/2021;9;26;6
03/12/2021;6;24;13
04/12/2021;6;26;3
05/12/2021;3;28;1
06/12/2021;6;21;12
07/12/2021;5;30;3
08/12/2021;3;29;4
09/12/2021;5;30;3
10/12/2021;5;25;15
11/12/2021;8;20;10
12/12/2021;13;19;21
13/12/2021;17;7;24
14/12/2021;29;8;26
15/12/2021; ; ; 
09/11/2021;10;26;9
11/11/2021;7;29;5
12/11/2021;9;22;13
13/11/2021;10;20;10
14/11/2021;11;22;4
15/11/2021;10;12;13
16/11/2021;12;19;10
17/11/2021;11;18;11
18/11/2021;16;15;10
20/11/2021;23;11;20
23/11/2021;9;17;11
25/11/2021;5;23;12
26/11/2021;6;22;7
27/11/2021;5;23;2
28/11/2021;3;25;1
29/11/2021;3;22;12
30/11/2021;8;15;19
01/11/2021;8;26;5
02/11/2021;11;23;5
03/11/2021;10;23;4
04/11/2021;13;16;9
05/11/2021;16;14;12
06/11/2021;13;24;7
07/11/2021;10;24;7
08/11/2021;10;21;17
10/11/2021;10;26;7
04/10/2021;10;17;8
05/10/2021;9;25;9
06/10/2021;12;30;10
07/10/2021;13;28;10
30/10/2021;24;25;6
31/10/2021;19;21;5
01/09/2021;13;33;6
02/09/2021;16;44;8
03/09/2021;17;38;6
04/09/2021;16;33;3
05/09/2021;17;30;5
06/09/2021;19;31;6
07/09/2021;16;37;8
08/09/2021;16;38;4
09/09/2021;21;37;8
10/09/2021;22;38;6
11/09/2021;16;32;7
12/09/2021;14;31;6
13/09/2021;16;31;6
14/09/2021;18;32;6
15/09/2021;22;32;6
16/09/2021;28;33;8
17/09/2021;25;28;6
18/09/2021;16;28;4
19/09/2021;12;24;6
20/09/2021;11;20;10
21/09/2021;11;33;7
22/09/2021;12;36;10
23/09/2021;11;36;6
24/09/2021;13;30;6
25/09/2021;19;38;4
26/09/2021;29;37;7
27/09/2021;21;29;7
01/08/2021;11;28;5
02/08/2021;10;31;5
03/08/2021;12;31;6
04/08/2021;15;34;5
05/08/2021;14;25;4
06/08/2021;17;33;3
07/08/2021;18;27;3
08/08/2021;15;26;9
09/08/2021;13;29;13
10/08/2021;17;33;16
11/08/2021;21;38;16
12/08/2021;26;34;12
13/08/2021;29;35;10
14/08/2021;36;32;5
15/08/2021;52;34;3
16/08/2021;37;32;2
17/08/2021;22;36;4
18/08/2021;18;26;7
19/08/2021;20;30;7
20/08/2021;18;30;4
21/08/2021;19;33;7
22/08/2021;17;31;6
23/08/2021;17;30;6
24/08/2021;15;34;7
25/08/2021;13;37;6
26/08/2021;14;38;6
27/08/2021;19;34;4
28/08/2021;18;35;3
29/08/2021;15;27;8
30/08/2021;14;31;8
31/08/2021;13;33;7
01/07/2021;18;35;10
02/07/2021;19;35;6
03/07/2021;20;37;7
04/07/2021;22;35;7
05/07/2021;14;34;5
06/07/2021;19;29;7
07/07/2021;18;35;7
08/07/2021;18;29;5
09/07/2021;17;34;6
10/07/2021;18;32;6
11/07/2021;20;27;8
12/07/2021;16;26;5
13/07/2021;18;26;5
14/07/2021;20;28;4
15/07/2021;16;33;5
16/07/2021;15;32;4
17/07/2021;17;37;4
18/07/2021;14;38;11
19/07/2021;19;36;12
20/07/2021;26;36;11
21/07/2021;22;36;13
22/07/2021;20;37;13
23/07/2021;23;31;7
24/07/2021;21;35;5
25/07/2021;23;35;6
26/07/2021;18;35;4
27/07/2021;15;39;3
28/07/2021;17;37;5
29/07/2021;15;33;4
30/07/2021;17;30;2
31/07/2021;18;29;3
01/06/2021;25;32;6
02/06/2021;26;33;5
03/06/2021;28;25;5
04/06/2021;21;32;5
05/06/2021;17;35;4
06/06/2021;14;38;9
07/06/2021;14;32;12
08/06/2021;18;36;13
09/06/2021;21;43;14
10/06/2021;19;44;14
11/06/2021;19;48;9
12/06/2021;18;47;7
13/06/2021;18;47;13
14/06/2021;20;41;14
15/06/2021;22;37;13
16/06/2021;21;32;7
17/06/2021;22;33;9
18/06/2021;30;28;8
19/06/2021;30;37;6
20/06/2021;32;30;5
21/06/2021;25;29;6
22/06/2021;14;34;6
23/06/2021;17;41;5
24/06/2021;21;39;4
25/06/2021;13;39;5
26/06/2021;12;41;4
27/06/2021;12;37;8
28/06/2021;12;33;6
29/06/2021;15;33;4
30/06/2021;16;34;7
01/05/2021;11;37;3
02/05/2021;10;37;10
03/05/2021;10;39;9
04/05/2021;14;37;10
05/05/2021;17;32;7
06/05/2021;18;29;9
12/05/2021;14;33;5
13/05/2021;14;31;5
14/05/2021;12;35;9
15/05/2021;16;32;8
16/05/2021;17;29;5
17/05/2021;17;28;7
18/05/2021;21;31;5
19/05/2021;20;34;6
20/05/2021;18;33;7
21/05/2021;18;31;5
22/05/2021;18;30;8
23/05/2021;15;34;4
24/05/2021;15;32;5
25/05/2021;18;34;9
26/05/2021;21;34;11
27/05/2021;21;40;16
28/05/2021;22;39;13
29/05/2021;20;41;8
30/05/2021;18;33;12
31/05/2021;17;29;12
01/04/2021;25;42;7
02/04/2021;18;43;9
03/04/2021;18;35;5
04/04/2021;21;36;5
05/04/2021;20;33;6
06/04/2021;24;31;9
07/04/2021;23;37;6
08/04/2021;21;35;9
09/04/2021;17;31;8
10/04/2021;19;31;6
11/04/2021;15;35;6
12/04/2021;11;32;8
13/04/2021;12;35;7
14/04/2021;12;39;9
15/04/2021;13;34;8
16/04/2021;13;37;4
17/04/2021;10;39;3
18/04/2021;10;37;9
19/04/2021;14;39;10
20/04/2021;17;39;8
21/04/2021;13;37;8
22/04/2021;10;43;11
23/04/2021;14;40;9
24/04/2021;12;44;6
25/04/2021;11;41;9
26/04/2021;12;38;10
27/04/2021;16;33;12
28/04/2021;17;29;8
29/04/2021;16;27;10
30/04/2021;16;33;3
01/03/2021;30;30;9
02/03/2021;37;28;10
03/03/2021;34;31;13
04/03/2021;30;27;14
05/03/2021;30;14;11
06/03/2021;33;31;6
07/03/2021;22;25;13
08/03/2021;22;22;8
09/03/2021;16;29;7
10/03/2021;14;28;16
11/03/2021;20;26;12
12/03/2021;21;33;7
13/03/2021;13;32;4
14/03/2021;16;31;7
15/03/2021;14;31;10
16/03/2021;16;30;9
17/03/2021;16;30;7
18/03/2021;18;21;11
19/03/2021;9;33;5
20/03/2021;7;34;5
21/03/2021;10;26;8
22/03/2021;12;30;9
23/03/2021;16;33;17
24/03/2021;19;38;18
25/03/2021;23;40;5
26/03/2021;19;30;6
27/03/2021;19;33;9
28/03/2021;17;31;15
29/03/2021;16;15;17
30/03/2021;19; ; 
01/02/2021;10;25;9
02/02/2021;13;18;12
03/02/2021;13;15;18
04/02/2021;20;23;12
05/02/2021;19;25;9
06/02/2021;48;22;4
07/02/2021;53;20;14
08/02/2021;9;24;11
09/02/2021;10;27;5
10/02/2021;10;22;13
11/02/2021;8;9;28
12/02/2021;20;26;6
13/02/2021;20;29;5
14/02/2021;14;28;12
15/02/2021;18;25;14
16/02/2021;17;27;16
17/02/2021;18;32;13
18/02/2021;19;26;15
19/02/2021;22;36;8
20/02/2021;29;34;3
21/02/2021;25;28;16
22/02/2021;55;21;10
23/02/2021;48;24;11
24/02/2021;34;26;12
25/02/2021;21;19;16
27/02/2021;28;31;4
28/02/2021;29;30;7
04/01/2021;7;19;8
05/01/2021;8;20;9
06/01/2021;10;18;12
07/01/2021;11;21;11
08/01/2021;14;26;4
09/01/2021;10;24;5
10/01/2021;5;18;5
11/01/2021;9;25;5
12/01/2021;9;26;4
13/01/2021;8;21;4
14/01/2021;7;19;12
15/01/2021;8;27;6
16/01/2021;9;24;9
17/01/2021;8;22;19
18/01/2021;13;29;15
19/01/2021;15;24;16
20/01/2021;15;22;12
21/01/2021;13;29;5
22/01/2021;12;27;2
27/01/2021;14;12;19
28/01/2021;16;17;10
29/01/2021;13;29;6
30/01/2021;9;29; 
31/01/2021;6;30;2
01/10/2020;17;24;10
02/10/2020;15;29;3
03/10/2020;6;29;2
04/10/2020;8;24;6
05/10/2020;8;25;10
06/10/2020;11;24;6
07/10/2020;15;23;10
08/10/2020;18;25;12
09/10/2020;19;20;9
10/10/2020;19;28;4
11/10/2020;10;31;3
12/10/2020;6;29;8
13/10/2020;9;22;9
14/10/2020;10;21;7
15/10/2020;6;26;9
16/10/2020;9;31;10
17/10/2020;11;31;9
18/10/2020;14;34;15
19/10/2020;14;39;12
20/10/2020;14;36;11
21/10/2020;32;25;13
22/10/2020;56;31;7
23/10/2020;34;31;4
24/10/2020;10;28;5
25/10/2020;9;27;4
26/10/2020;9;24;7
27/10/2020;8;20;14
28/10/2020;13;28;16
29/10/2020;16;26;18
30/10/2020;12;32;13
31/10/2020;19;33;8
01/11/2020;19;30;15
02/11/2020;18;23;12
03/11/2020;20;20;9
04/11/2020;10;27;7
05/11/2020;9;27;6
06/11/2020;13;27;4
07/11/2020;19;26;8
08/11/2020;16;23;22
09/11/2020;10;20;17
10/11/2020;16;27;14
11/11/2020;14;24;13
12/11/2020;11;18;19
13/11/2020;14;25;10
14/11/2020;15;28;5
15/11/2020;15;22;10
16/11/2020;14;20;14
17/11/2020;17;22;17
18/11/2020;18;19;13
19/11/2020;20;19;13
20/11/2020;16;25;10
21/11/2020;15;27;10
22/11/2020;16;27;16
23/11/2020;18;27;14
24/11/2020;17;25;22
25/11/2020;17;28;12
26/11/2020;16;30;6
27/11/2020;14;29;3
28/11/2020;14;26;7
29/11/2020;11;23;14
30/11/2020;12;16;8
01/12/2020;12;18;9
02/12/2020;10;21;10
03/12/2020;10;25;11
04/12/2020;10;23;4
05/12/2020;7;23;1
06/12/2020;4;25;11
07/12/2020;6;25;3
08/12/2020;6;22;4
09/12/2020;7;20;11
10/12/2020;7;17;15
11/12/2020;10;26;1
12/12/2020;8;24;7
13/12/2020;8;7;30
14/12/2020;17;20;17
15/12/2020;25;20;19
16/12/2020;11;16;19
17/12/2020;16;17;17
18/12/2020;19;23;11
19/12/2020;16;22;4
20/12/2020;12;20;9
21/12/2020;8;10;17
22/12/2020;12;17;18
23/12/2020;18;23;10
24/12/2020;14;29;1
25/12/2020;6;28;3
26/12/2020;4;27;4
27/12/2020;5;27;4
28/12/2020;5;25;2
29/12/2020;8;25;2
30/12/2020;6;23;4
31/12/2020;6;24;3
01/01/2021;6;20;4
02/01/2021;5;24;8
03/01/2021;7;24;6
01/07/2020;17;33;5
02/07/2020;20;28;4
03/07/2020;15;34;3
04/07/2020;16;37;6
05/07/2020;15;42;12
06/07/2020;18;29;5
07/07/2020;20;36;8
08/07/2020;19;31;8
09/07/2020;18;47;13
10/07/2020;19;39;5
11/07/2020;20;39;3
12/07/2020;13;36;8
13/07/2020;13;51;5
14/07/2020;16;45;4
15/07/2020;17;26;4
16/07/2020;16;32;4
17/07/2020;15;35;4
18/07/2020;15;33;3
19/07/2020;15;28;6
20/07/2020;14;22;10
21/07/2020;15;31;10
22/07/2020;15;53;10
23/07/2020;19;43;8
24/07/2020;25;43;2
25/07/2020;22;36;2
26/07/2020;17;38;6
27/07/2020;16;31;8
28/07/2020;22;33;7
29/07/2020;23;37;17
30/07/2020;21;22;12
04/08/2020;11;24;5
05/08/2020;14;26;7
06/08/2020;16;32;11
07/08/2020;17;41;13
08/08/2020;17;49;11
09/08/2020;18;36;14
10/08/2020;20;36;13
11/08/2020;20;39;5
12/08/2020;21;34;7
13/08/2020;28;35;6
14/08/2020;26;35;3
15/08/2020;20;35;1
16/08/2020;21;33; 
17/08/2020;18;32;7
18/08/2020;17;37;7
19/08/2020;17;30;6
20/08/2020;16;29;3
21/08/2020;18;30;3
22/08/2020;20;30;4
23/08/2020;12;31;3
24/08/2020;16;31;4
25/08/2020;17;29;4
26/08/2020;19;30;6
27/08/2020;17;31;4
28/08/2020;17;22;3
29/08/2020;9;32;2
30/08/2020;8;33;4
31/08/2020;9;32;10
01/09/2020;11;41;6
02/09/2020;10;39;9
03/09/2020;10;40;8
04/09/2020;13;41;5
05/09/2020;11;41;4
06/09/2020;11;30;4
07/09/2020;13;33;6
08/09/2020;10;32;9
09/09/2020;12;39;7
10/09/2020;10;42;6
11/09/2020;10;40;8
13/09/2020;15;40;18
14/09/2020;20;37;10
15/09/2020;18;35;12
16/09/2020;20;32;14
17/09/2020;26;26;15
18/09/2020;26;32;6
19/09/2020;22;34;3
20/09/2020;10;23;10
21/09/2020;11;37;9
22/09/2020;11;38;9
23/09/2020;11;30;6
24/09/2020;12;28;3
25/09/2020;14;27;2
26/09/2020;15;25;4
27/09/2020;8;31;7
28/09/2020;12;35;12
29/09/2020;17;35;12
30/09/2020;17;38;8
01/04/2020;11;36;4
02/04/2020;9;42;6
03/04/2020;12;41;9
04/04/2020;11;44;7
05/04/2020;11;47;8
06/04/2020;10;48;8
07/04/2020;13;47;9
08/04/2020;10;43;9
09/04/2020;15;50;5
10/04/2020;14;48;7
11/04/2020;16;46;4
12/04/2020;15;44;2
13/04/2020;13;38;7
14/04/2020;6;39;6
15/04/2020;14;35;4
16/04/2020;21;34;6
17/04/2020;21;34;5
18/04/2020;19;30;3
19/04/2020;13;25;9
20/04/2020;6;34;5
21/04/2020;5;34;3
22/04/2020;6;35;6
23/04/2020;11;42;11
24/04/2020;13;41;9
25/04/2020;14;37;4
26/04/2020;11;33;6
27/04/2020;10;36;2
28/04/2020;9;38;5
29/04/2020;13;36;2
30/04/2020;18;24;4
01/05/2020;8;28;3
02/05/2020;9;24;4
03/05/2020;9;31;9
04/05/2020;10;31;10
05/05/2020;14;37;10
06/05/2020;16;37;5
07/05/2020;13;38;3
08/05/2020;12;37;3
09/05/2020;15;34;2
10/05/2020;20;34;4
11/05/2020;11;31;4
12/05/2020;12;40;3
13/05/2020;10;31;5
14/05/2020;11;39;4
15/05/2020;9;28;2
16/05/2020;10;35;1
17/05/2020;8;43;8
18/05/2020;14;45;7
19/05/2020;17;47;17
20/05/2020;22;44;12
21/05/2020;25;44;9
22/05/2020;21;42;5
23/05/2020;16;32;1
24/05/2020;14;36;7
25/05/2020;16;47;8
26/05/2020;18;46;5
27/05/2020;14;37;4
28/05/2020;14;42;6
29/05/2020;14;37;2
30/05/2020;13;41;2
31/05/2020;9;41;3
01/06/2020;10;40;5
02/06/2020;12;38;2
03/06/2020;13;38;4
04/06/2020;11;37;4
05/06/2020;11;36;4
06/06/2020;14;28;1
07/06/2020;14;30;2
08/06/2020;7;29;4
09/06/2020;9;39;3
10/06/2020;9;35;3
11/06/2020;11;34;3
12/06/2020;18;39;2
13/06/2020;12;40;2
14/06/2020;11;37;4
15/06/2020;14;22;6
16/06/2020;13;38;4
17/06/2020;9;30;5
18/06/2020;10;36;7
19/06/2020;9;30;4
20/06/2020;11;32;5
21/06/2020;15;29;10
22/06/2020;16;27;5
23/06/2020;16;31;4
24/06/2020;30;27;7
25/06/2020;13;36;1
27/06/2020;17;30; 
28/06/2020;22;19;3
29/06/2020;23;19;5
30/06/2020;17;26;9
01/01/2020;13;18;16
02/01/2020;16;21;14
03/01/2020;24;2;19
04/01/2020;32;15;12
05/01/2020;11;20;6
06/01/2020;13;12;22
07/01/2020;18;14;27
08/01/2020;30;28;22
09/01/2020;28;23;16
10/01/2020;12;24;8
11/01/2020;8;18;19
12/01/2020;11;26;16
13/01/2020;12;22;20
14/01/2020;12;20;28
15/01/2020;19;26;29
16/01/2020;24;29;13
17/01/2020;19;25;12
18/01/2020;12;31;6
19/01/2020;11;31;4
20/01/2020;16;37;5
21/01/2020;17;33;8
22/01/2020;25;28;13
23/01/2020;41;10;31
24/01/2020;69;21;16
25/01/2020;66;23;8
26/01/2020;49;24;11
27/01/2020;22;24;9
28/01/2020;18;11;26
29/01/2020;26;19;16
30/01/2020;26;20;20
31/01/2020;12; ;24
01/02/2020;16;24;11
02/02/2020;11;15;20
03/02/2020;13;21;10
04/02/2020;36;28;2
05/02/2020;37;29;21
06/02/2020;20;16;12
07/02/2020;20;26;16
08/02/2020;16;12;13
09/02/2020;18;24;14
10/02/2020;14;26;14
11/02/2020;15;23;10
12/02/2020;16;18;18
13/02/2020;13;21;19
17/02/2020;16;27;14
18/02/2020;16;13;14
19/02/2020;12;27;20
22/02/2020;7;34;22
23/02/2020;14;30;29
24/02/2020;22;28;23
25/02/2020;28;33;5
26/02/2020;25;30;4
27/02/2020;20;26;12
28/02/2020;18;29;11
29/02/2020;40;33;7
01/03/2020;46;35;5
02/03/2020;18;32;6
03/03/2020;10;28;17
04/03/2020;13;34;12
05/03/2020;19;34;2
06/03/2020;12;33;2
07/03/2020;10;34;6
08/03/2020;10;31;9
09/03/2020;10;28;11
10/03/2020;15;22;23
11/03/2020;20;39;27
12/03/2020;25;31;20
13/03/2020;20;32;13
14/03/2020;17;38;6
15/03/2020;13;36;4
16/03/2020;13;34;7
17/03/2020;19;35;15
18/03/2020;19;41;13
19/03/2020;18;39;6
20/03/2020;13;40;4
21/03/2020;12;37;2
22/03/2020;20;34;4
23/03/2020;19;37;2
24/03/2020;19;33;4
25/03/2020;15;34;5
26/03/2020;8;37;5
27/03/2020;9;38;4
28/03/2020;10;43;7
29/03/2020;11;32;4
30/03/2020;13;34;7
31/03/2020;9;35;3
01/10/2019;24;29;15
02/10/2019;31;28;13
03/10/2019;21;33;19
04/10/2019;21;29;11
05/10/2019;22;25;10
06/10/2019;19;28;17
07/10/2019;23;30;17
08/10/2019;32;22;14
09/10/2019;26;20;13
10/10/2019;17;20;17
11/10/2019;25;31;13
12/10/2019;26;33;6
13/10/2019;19;32;12
14/10/2019;25;29;6
15/10/2019;20;31;17
16/10/2019;14;36;21
17/10/2019;23;31;15
18/10/2019;24;32;17
19/10/2019;26;30;7
20/10/2019;24;22;14
21/10/2019;14;25;9
22/10/2019;13;27;19
23/10/2019;16;22;13
24/10/2019;15;22;16
25/10/2019;13;29;22
26/10/2019;19;33;14
27/10/2019;21;25;17
28/10/2019;23;23;16
29/10/2019;22;27;21
30/10/2019;27;23;16
31/10/2019;22;20;14
01/11/2019;20;21;12
02/11/2019;17;30;5
03/11/2019;13;26;11
04/11/2019;14;28;8
05/11/2019;14;23;5
06/11/2019;10;23;11
07/11/2019;14;27;5
08/11/2019;15;25;8
09/11/2019;12;22;7
10/11/2019;10;21;7
11/11/2019;8;23;9
12/11/2019;13;23;14
13/11/2019;16;18;15
14/11/2019;16;18;13
15/11/2019;13;16;12
16/11/2019;13;8;15
17/11/2019;9;17;12
18/11/2019;13;20;14
19/11/2019;13;15;24
20/11/2019;18;22;15
21/11/2019;20;21;17
22/11/2019;19;30;4
23/11/2019;13;28;5
24/11/2019;12;24;16
25/11/2019;25;15;22
26/11/2019;24;26;19
27/11/2019;23;24;11
28/11/2019;20;24;11
29/11/2019;18;22;11
30/11/2019;19;29;10
01/12/2019;20;16;21
02/12/2019;18;20;13
03/12/2019;17;26;9
04/12/2019;13;24;11
05/12/2019;9;26;13
06/12/2019;15;19;11
07/12/2019;21;16;8
08/12/2019;18;25;6
09/12/2019;14;21;19
10/12/2019;18; ; 
11/12/2019;19; ; 
12/12/2019;12; ; 
13/12/2019;11; ; 
14/12/2019;11; ; 
15/12/2019;16; ; 
16/12/2019;28;9;26
17/12/2019;61;15;23
18/12/2019;86;14;24
19/12/2019;56;21;21
20/12/2019;28;26;17
21/12/2019;14;34;3
22/12/2019;11;31;11
23/12/2019;10;22;12
24/12/2019;13;19;12
25/12/2019;10;19;10
26/12/2019;9;21;10
27/12/2019;10;18;19
28/12/2019;14;18;15
29/12/2019;14; ; 
01/07/2019;34;32;16
02/07/2019;28;40;26
03/07/2019;24;44;19
04/07/2019;28;43;18
05/07/2019;29;30;10
06/07/2019;31;36;11
07/07/2019;43;30;21
08/07/2019;33;39;11
09/07/2019;24;45;10
10/07/2019;20;45;20
11/07/2019;26;38;10
12/07/2019;26;42;16
13/07/2019;19;37;10
14/07/2019;15;40;8
15/07/2019;17;42;9
16/07/2019;21;40;9
17/07/2019;19;44;10
18/07/2019;17;37;12
19/07/2019;18;39;12
20/07/2019;16;35;9
21/07/2019;17;33;24
22/07/2019;22;40;20
23/07/2019;27;27;16
24/07/2019;23;26;16
25/07/2019;21;38;15
26/07/2019;22;24;8
27/07/2019;19;34;4
28/07/2019;11;27;9
29/07/2019;13;31;9
30/07/2019;20;29;9
31/07/2019;21;40;9
01/08/2019;19;50;9
02/08/2019;19;47;9
03/08/2019;17;43;8
04/08/2019;16;43;16
05/08/2019;18;33;9
06/08/2019;20;18;8
07/08/2019;27;25;10
08/08/2019;27;20;11
09/08/2019;31;25;8
10/08/2019;27;34;6
11/08/2019;20;37;6
12/08/2019;19;36;6
13/08/2019;12;35;8
14/08/2019;16;31;7
15/08/2019;19;28;7
16/08/2019;16;31;7
17/08/2019;16;31;8
18/08/2019;17;25;5
19/08/2019;17;35;6
20/08/2019;12;39;6
21/08/2019;14;43;8
22/08/2019;15;40;13
23/08/2019;16;50;20
24/08/2019;20;43;10
25/08/2019;19;38;19
26/08/2019;20;27;13
27/08/2019;21;43;13
28/08/2019;19;37;13
29/08/2019;20;47;20
30/08/2019;20;45;15
31/08/2019;21;37;10
01/09/2019;17;33;11
02/09/2019;16;36;10
03/09/2019;14;41;16
04/09/2019;19;35;9
05/09/2019;19;32;12
06/09/2019;18;37;8
07/09/2019;17;31;7
08/09/2019;16;28;9
09/09/2019;13;28;11
10/09/2019;27;35;4
11/09/2019;5;43;18
12/09/2019;13;45;14
13/09/2019;19;52;9
14/09/2019;16;43;9
15/09/2019;17;39;18
16/09/2019;18;36;35
17/09/2019;27;44;24
18/09/2019;32;40;17
19/09/2019;25;44;15
20/09/2019;20;34;8
21/09/2019;20;33;7
22/09/2019;17;27;11
23/09/2019;18;36;12
24/09/2019;17;32;11
25/09/2019;20;32;16
26/09/2019;16;26;18
27/09/2019;22;29;11
28/09/2019;20;35;9
29/09/2019;15;21;17
30/09/2019;23;36;16
01/04/2019;20;27;16
02/04/2019;25;24;9
03/04/2019;24;25;9
04/04/2019;11;25;15
05/04/2019;16;25;8
06/04/2019;14;26;6
07/04/2019;11;31;15
08/04/2019;14;28;19
09/04/2019;15;32;13
10/04/2019;7;31;14
11/04/2019;9;37;14
12/04/2019;12;43;10
13/04/2019;17;43;9
14/04/2019;19;39;10
15/04/2019;18;40;9
16/04/2019;17;38;12
17/04/2019;16;42;8
18/04/2019;15;48;4
19/04/2019;20;53;4
20/04/2019;24;48;4
21/04/2019;21;48;4
22/04/2019;32;38;11
23/04/2019;36;36;10
24/04/2019;24;35;10
25/04/2019;27;34;7
26/04/2019;17;34;11
27/04/2019;17;37;14
28/04/2019;18;33;12
29/04/2019;26;29;10
30/04/2019;29;21;7
01/05/2019;21;36;17
02/05/2019;20;31;18
03/05/2019;18;36;5
04/05/2019;10;39;4
05/05/2019;11;38;8
06/05/2019;16;32;13
07/05/2019;20;35;13
08/05/2019;26;38;13
09/05/2019;25;36;21
10/05/2019;19;34;10
11/05/2019;19;40;5
12/05/2019;14;38;10
13/05/2019;14;40;14
14/05/2019;20;44;10
15/05/2019;21;44;14
16/05/2019;21;34;14
17/05/2019;17;35;8
18/05/2019;9;34;9
19/05/2019;6;35;9
20/05/2019;8;39;16
21/05/2019;12;40;13
22/05/2019;17;38;14
23/05/2019;18;25;19
24/05/2019;15;26;11
25/05/2019;9;31;12
26/05/2019;10;29;11
27/05/2019;9;27;9
28/05/2019;12;30;8
29/05/2019;15;33;16
30/05/2019;16;31;22
31/05/2019;18;39;12
01/06/2019;16;42;16
02/06/2019;15;40;19
03/06/2019;15;41;13
04/06/2019;16;38;13
05/06/2019;17;29;11
06/06/2019;20;39;9
07/06/2019;20;35;9
08/06/2019;21;42;10
09/06/2019;15;43;10
10/06/2019;24;27;13
11/06/2019;19;35;9
12/06/2019;8;33;13
13/06/2019;10;40;16
14/06/2019;16;36;16
15/06/2019;31;37;13
16/06/2019;22;35;19
17/06/2019;19;42;19
18/06/2019;22;35;19
19/06/2019;20;32;15
20/06/2019;23;35;11
22/06/2019;16;41;7
23/06/2019;19;41;8
26/06/2019;20;37;32
27/06/2019;21;41;31
28/06/2019;33;89;30
29/06/2019;45;44;21
30/06/2019;36;42;22
01/01/2019;16;18;12
02/01/2019;18;13;19
03/01/2019;33;17;26
04/01/2019;21;17;9
05/01/2019;13;43;12
06/01/2019;3;10;12
07/01/2019;5;15;8
08/01/2019;13;12;14
09/01/2019;10;21;16
10/01/2019;11;16;14
11/01/2019;13;20;11
12/01/2019;14;19;5
14/01/2019;10;15;18
15/01/2019;14;19;22
16/01/2019;16;18;15
17/01/2019;18;15;9
18/01/2019;15;17;12
19/01/2019;11;18;14
20/01/2019;10;14;17
21/01/2019;10;17;10
22/01/2019;9;22;6
23/01/2019;6;29;6
24/01/2019;5;24;28
25/01/2019;12;18;16
26/01/2019;15;26;6
27/01/2019;10;24;6
28/01/2019;9;21;14
29/01/2019;9;25;10
30/01/2019;10;22;12
31/01/2019;10;19;16
09/03/2019;18;26;18
10/03/2019;25;24;12
11/03/2019;24;25;14
12/03/2019;29;24;14
13/03/2019;26;24;9
14/03/2019;18;24;12
15/03/2019;21;27;17
16/03/2019;23;28;21
17/03/2019;31;25;11
18/03/2019;27;25;13
19/03/2019;17;27;13
20/03/2019;18;29;12
21/03/2019;20;31;13
22/03/2019;26;30;21
23/03/2019;38;32;18
24/03/2019;35;29;18
25/03/2019;37;26;10
26/03/2019;31;28;15
27/03/2019;28;28;16
28/03/2019;25;30;11
29/03/2019;22;28;8
30/03/2019;18;28;6
31/03/2019;17;36;16
01/10/2018;19;32;11
02/10/2018;23;27;16
03/10/2018;26;31;18
04/10/2018;21;32;16
05/10/2018;19;31;20
06/10/2018;18;31;14
07/10/2018;17;28;6
08/10/2018;11;27;11
09/10/2018;10;23;10
10/10/2018;7;25;22
11/10/2018;11;23;13
12/10/2018;20;15;17
13/10/2018;20;29;9
14/10/2018;18;24;11
15/10/2018;16;25;16
16/10/2018;10;25;11
18/10/2018;13;30;12
19/10/2018;17;32;14
20/10/2018;21;29;15
21/10/2018;23;27;15
22/10/2018;20;23;14
23/10/2018;21;22;12
24/10/2018;20;18;25
25/10/2018;22;19;29
26/10/2018;28;15;13
27/10/2018;19;20;5
28/10/2018;6;18;3
29/10/2018;7;21;13
30/10/2018;11;22;22
31/10/2018;20;22;10
01/11/2018;12;20;13
02/11/2018;10;19;7
03/11/2018;9;20;14
04/11/2018;11;23;20
05/11/2018;19;19;9
06/11/2018;12;22;14
07/11/2018;9;15;14
08/11/2018;9;21;15
09/11/2018;9;23;11
10/11/2018;8;21;11
11/11/2018;10;24;14
12/11/2018;17;23;13
13/11/2018;25;24;11
14/11/2018;23;21;14
15/11/2018;19;15;17
16/11/2018;13;22;7
17/11/2018;18;24;5
18/11/2018;12;23;12
19/11/2018;12;12;20
20/11/2018;11;21;16
21/11/2018;10;21;23
22/11/2018;11;13;24
23/11/2018;16;18;8
24/11/2018;13;20;8
25/11/2018;8;16;13
26/11/2018;9;19;14
27/11/2018;9;16;20
28/11/2018;12;6;29
29/11/2018;19;77;17
30/11/2018;17;87;10
01/12/2018;11;22;11
02/12/2018;11;16;8
03/12/2018;12;14;17
04/12/2018;10;7;26
05/12/2018;17;9;12
06/12/2018;18;15;7
07/12/2018;10;16;8
08/12/2018;10;23;8
09/12/2018;10;9;12
10/12/2018;4;10;13
13/12/2018;18;9;11
14/12/2018;14;8;16
17/12/2018;9;18;18
18/12/2018;11;24;10
19/12/2018;12;20;14
20/12/2018;10;26;16
21/12/2018;12;52;12
22/12/2018;11;16;18
23/12/2018;13;12;15
24/12/2018;13;12;19
25/12/2018;15;3;13
26/12/2018;7;8;13
27/12/2018;1;9;14
28/12/2018;13;13;7
29/12/2018;13;14;16
30/12/2018;10; ; 
02/07/2018;27;30;15
03/07/2018;30;35;13
04/07/2018;25;29;17
05/07/2018;21;31;8
06/07/2018;18;46;9
07/07/2018;19;110;12
08/07/2018;20;155;11
09/07/2018;22;79;18
10/07/2018;23;40;13
12/07/2018;18;26;14
17/07/2018;20;43;7
18/07/2018;19; ;17
15/08/2018;11;32;5
16/08/2018;14;32;6
17/08/2018;14;31;8
18/08/2018;9;39;6
19/08/2018;11;43;10
20/08/2018;15;43;16
21/08/2018;19;44;14
22/08/2018;18;47;18
23/08/2018;21;39;15
24/08/2018;19;47;8
25/08/2018;8;11; 
26/08/2018;1; ;4
27/08/2018;7;27;9
28/08/2018;16;23;9
29/08/2018;20;32;13
30/08/2018;19;32;9
31/08/2018;18;29;9
01/09/2018;15;28;11
02/09/2018;14;9;7
03/09/2018;16; ;14
04/09/2018;19; ;12
05/09/2018;18;26;11
06/09/2018;15;29;13
07/09/2018;15;35;11
08/09/2018;15;36;11
09/09/2018;16;34;9
10/09/2018;15;25;16
11/09/2018;17;36;16
12/09/2018;18;27;18
13/09/2018;20;31;13
14/09/2018;21;32;13
15/09/2018;17;22;9
16/09/2018;12;30;9
17/09/2018;16;28;13
18/09/2018;13;23;17
19/09/2018;19;21;16
20/09/2018;26;31;28
21/09/2018;26;34;25
22/09/2018;24;30;13
23/09/2018;20;30;19
24/09/2018;19;19;12
25/09/2018;23;33;10
26/09/2018;31;34;7
27/09/2018;26;30;17
28/09/2018;28;34;24
29/09/2018;28;41;22
30/09/2018;23;39;12
01/04/2018;10;30;17
02/04/2018;10;38;15
03/04/2018;31;35;11
04/04/2018;29;34;14
05/04/2018;14;33;23
06/04/2018;17;37;6
07/04/2018;17;36;6
08/04/2018;22;39;14
09/04/2018;11;37;11
10/04/2018;11;38;11
11/04/2018;14;37;10
12/04/2018;9;25;20
13/04/2018;12;30;9
14/04/2018;18;35;10
16/04/2018;19;29;21
17/04/2018;17;39;27
18/04/2018;21;46;20
19/04/2018;27;35;27
20/04/2018;28;37;31
21/04/2018;41;40;17
22/04/2018;38;21;37
23/04/2018;39;32;27
24/04/2018;34;29;32
25/04/2018;37;35;14
26/04/2018;35;44;16
27/04/2018;33;40;12
28/04/2018;33;38;7
29/04/2018;24;39;7
30/04/2018;10;38;6
01/05/2018;9;37;11
02/05/2018;7;29;16
03/05/2018;11;23;18
04/05/2018;13;29;14
05/05/2018;18;32;16
06/05/2018;16;32;29
07/05/2018;20;25;28
08/05/2018;27;29;20
09/05/2018;23;30;19
10/05/2018;22;35;10
11/05/2018;23;34;10
12/05/2018;22;29;9
14/05/2018;7;35;12
15/05/2018;9;35;23
16/05/2018;19;45;18
17/05/2018;22;40;18
18/05/2018;20;48;20
19/05/2018;21;44;11
20/05/2018;14;48;15
21/05/2018;16;44;17
22/05/2018;16;43;14
23/05/2018;20;37;21
24/05/2018;23;41;13
25/05/2018;19;39;4
26/05/2018;19;40;4
27/05/2018;19;37;8
28/05/2018;25;36;9
29/05/2018;27;36;12
30/05/2018;24;40;15
31/05/2018;21;41;17
01/06/2018;22;35;15
02/06/2018;20;30;8
03/06/2018;14;33;11
04/06/2018;10;32;13
05/06/2018;14;26;13
06/06/2018;19;21;15
07/06/2018;12;39;11
08/06/2018;13;40;15
09/06/2018;16;38;12
10/06/2018;15;35;12
11/06/2018;19;35;7
12/06/2018;18;38;12
13/06/2018;22;37;12
14/06/2018;22;38;17
15/06/2018;21;36;12
16/06/2018;18;38;13
17/06/2018;17;42;13
18/06/2018;16;41;16
19/06/2018;19;39;29
20/06/2018;20;44;29
21/06/2018;27;44;24
22/06/2018;26;37;17
23/06/2018;20;44;13
24/06/2018;21;38;14
25/06/2018;19;44;17
26/06/2018;19;41;12
27/06/2018;22;34;13
28/06/2018;20;40;15
29/06/2018;18;45;10
30/06/2018;19;31;10
01/01/2018;8;25;5
02/01/2018;10;23;3
03/01/2018;9;19;6
05/01/2018;58;24;14
06/01/2018;77;26;13
07/01/2018;115;16;15
08/01/2018;132;22;10
09/01/2018;45;26;6
10/01/2018;8;23;9
11/01/2018;9;21;16
12/01/2018;10;15;24
13/01/2018;14;20;6
14/01/2018;10;17;12
15/01/2018;9;21;10
16/01/2018;10;22;3
17/01/2018;11;19;17
18/01/2018;13;12;20
19/01/2018;17;26;6
20/01/2018;14;21;3
21/01/2018;8;19;12
22/01/2018;10;15;15
23/01/2018;14;9;26
24/01/2018;19;21;16
25/01/2018;18;23;11
26/01/2018;15; ; 
29/01/2018;14;15;29
30/01/2018;20;18;27
31/01/2018;23;19;17
01/02/2018;17;23;11
02/02/2018;9;26;4
03/02/2018;8;23;8
04/02/2018;8;21;8
05/02/2018;7; ; 
07/02/2018;10;20;15
08/02/2018;10;22;11
09/02/2018;10;31;11
10/02/2018;10;26;12
11/02/2018;10;21;19
12/02/2018;12;24;12
13/02/2018;8;20;25
14/02/2018;12;17;23
15/02/2018;16;12;29
16/02/2018;19;20;18
17/02/2018;21;23;14
18/02/2018;16;18;21
19/02/2018;15;20;18
20/02/2018;12;26;13
21/02/2018;11;25;18
22/02/2018;12;25;20
23/02/2018;18;33;19
24/02/2018;18;33;20
25/02/2018;19;26;17
26/02/2018;21;26;21
27/02/2018;16;25;22
28/02/2018;13;17;26
01/03/2018;13;27;13
02/03/2018;13;33;17
03/03/2018;9;26;19
04/03/2018;15;23;14
05/03/2018;13;29;12
07/03/2018;9;8;20
10/03/2018;21;30;9
11/03/2018;16;33;7
12/03/2018;9;23;20
13/03/2018;11;27;21
14/03/2018;16;36;13
15/03/2018;17;32;7
16/03/2018;11;31;5
17/03/2018;7;33;8
18/03/2018;7;31;10
19/03/2018;9;30;14
20/03/2018;8;34;12
21/03/2018;10;34;10
22/03/2018;11;28;18
23/03/2018;14;31;12
24/03/2018;12;36;6
25/03/2018;7;25;11
26/03/2018;10;29;18
27/03/2018;11;26;19
28/03/2018;16;33;14
29/03/2018;15;36;8
30/03/2018;12;37;3
31/03/2018;9;37;5
01/10/2017;13;19;13
02/10/2017;12;21;12
03/10/2017;13;15;18
04/10/2017;15;22;13
05/10/2017;13;21;13
06/10/2017;18;22;7
07/10/2017;20; ; 
09/10/2017;25;29;15
10/10/2017;20;29;15
11/10/2017;20;31;9
12/10/2017;20;31;13
13/10/2017;20;26;12
14/10/2017;18;28;8
15/10/2017;14;11;16
16/10/2017;16;29;16
17/10/2017;20;25;21
18/10/2017;22;19;11
19/10/2017;16;6;30
21/10/2017;13;26;4
22/10/2017;12;28;14
23/10/2017;10;19;25
24/10/2017;17;22;24
25/10/2017;21;27;21
26/10/2017;20;26;22
27/10/2017;23;28;9
28/10/2017;27;25;6
29/10/2017;19;19;4
30/10/2017;13;8;28
01/11/2017;17;20;17
02/11/2017;16;24;20
03/11/2017;17;27;15
04/11/2017;16;23;2
05/11/2017;12;25;4
06/11/2017;6;24;8
07/11/2017;8;18;14
08/11/2017;14;20;13
09/11/2017;14;17;17
10/11/2017;14;19;11
11/11/2017;14;22;6
12/11/2017;11;26;8
13/11/2017;17;25;15
14/11/2017;15;20;20
15/11/2017;21;15;31
16/11/2017;26;12;33
17/11/2017;27;17;23
18/11/2017;29;9;21
19/11/2017;25;8;35
21/11/2017;25; ; 
23/11/2017;7;11;36
24/11/2017;43;19;14
25/11/2017;32;22;10
26/11/2017;15;17;21
27/11/2017;15;23;14
28/11/2017;15;18;18
29/11/2017;18;20;12
30/11/2017;16;23;14
01/12/2017;12;25;7
02/12/2017;10;24;4
03/12/2017;10;23;14
04/12/2017;13;16;20
05/12/2017;17;23;18
06/12/2017;17;28;16
07/12/2017;15; ; 
12/12/2017;17;17;11
13/12/2017;6;18;13
14/12/2017;6;23;11
15/12/2017;10;22;7
16/12/2017;8;23;10
17/12/2017;8;19;13
18/12/2017;10;14;18
19/12/2017;13;14;18
20/12/2017;15;12;23
21/12/2017;19;16;14
22/12/2017;17;17;8
23/12/2017;12;13;18
24/12/2017;10; ; 
27/12/2017;8;24;12
28/12/2017;9;19;17
29/12/2017;11;22;8
30/12/2017;10;25;6
31/12/2017;8;28;2
01/07/2017;11;31;4
02/07/2017;11;29;14
03/07/2017;14;28;17
04/07/2017;17;25;13
05/07/2017;52;29;15
06/07/2017;44;30;17
07/07/2017;25;21;18
08/07/2017;23;30;7
09/07/2017;20;33;14
10/07/2017;20;28;10
11/07/2017;21;31;11
12/07/2017;23;25;8
13/07/2017;23;23;12
14/07/2017;20;33;10
15/07/2017;23;35;11
16/07/2017;22;38;12
17/07/2017;19;39;12
18/07/2017;19;32;8
19/07/2017;21;38;8
20/07/2017;24;39;11
21/07/2017;21;38;8
22/07/2017;20;29;9
23/07/2017;21;42;9
24/07/2017;17;31;6
25/07/2017;15;30;10
26/07/2017;17;30;10
27/07/2017;19;21;12
28/07/2017;22;27;10
29/07/2017;16;21;12
30/07/2017;15;25;9
31/07/2017;19;14;13
01/08/2017;29;25;19
02/08/2017;34;13;29
03/08/2017;42;28;14
04/08/2017;37;29;17
05/08/2017;30;25;8
06/08/2017;22;29;7
07/08/2017;14;30;9
08/08/2017;18;36;7
09/08/2017;18;34;5
10/08/2017;12;33;6
11/08/2017;14;40;6
12/08/2017;16;33;6
13/08/2017;15;33;8
14/08/2017;15;33;6
15/08/2017;15;32;9
16/08/2017;20;34;13
17/08/2017;18;35;11
18/08/2017;23;30;7
19/08/2017;17;30;5
20/08/2017;15;30;10
21/08/2017;19;29;10
22/08/2017;20;33;11
23/08/2017;20;33;11
24/08/2017;20;21;8
25/08/2017;19;21;9
26/08/2017;23;26;9
27/08/2017;26;25;16
28/08/2017;25;33;13
29/08/2017;33;35;6
30/08/2017;22;26;10
31/08/2017;13;32;9
01/09/2017;11;35;4
02/09/2017;11;34;8
03/09/2017;13;34;12
04/09/2017;15;33;12
05/09/2017;16; ; 
10/09/2017;9;28;4
11/09/2017;10;24;9
12/09/2017;16;30;11
13/09/2017;19;25;11
14/09/2017;22;14;12
15/09/2017;14;25;5
16/09/2017;7;32;4
17/09/2017;8;27;9
18/09/2017;10;27;14
19/09/2017;10;31;15
20/09/2017;13;31;18
21/09/2017;19;23;20
22/09/2017;19;34;12
23/09/2017;17;34;7
25/09/2017;18;31;8
26/09/2017;16;31;15
27/09/2017;15;27;18
28/09/2017;15;34;14
29/09/2017;16;28;11
30/09/2017;16;20;8
01/04/2017;12;36;9
02/04/2017;7;31;14
03/04/2017;9;39;19
04/04/2017;16;35;15
05/04/2017;18;39;14
06/04/2017;14;38;18
07/04/2017;25;47;23
08/04/2017;27;45;16
09/04/2017;18;40;23
10/04/2017;50;35;23
11/04/2017;82;42;12
12/04/2017;39;44;18
13/04/2017;20;44;17
14/04/2017;23;37;12
15/04/2017;20;25;6
16/04/2017;21; ; 
18/04/2017;26;38;13
19/04/2017;21;41;14
20/04/2017;21;44;16
21/04/2017;18;48;8
22/04/2017;15;48;12
23/04/2017;19;45;20
24/04/2017;21;45;11
25/04/2017;20;34;14
26/04/2017;21;20;13
27/04/2017;9;38;12
28/04/2017;9;42;11
29/04/2017;11;39;3
30/04/2017;14;43;4
01/05/2017;13;28;14
02/05/2017;13;2;16
03/05/2017;16;1;11
04/05/2017;15;35;8
05/05/2017;11;39;4
06/05/2017;8;40;8
08/05/2017;9;36;17
09/05/2017;12;38;13
10/05/2017;18;44;11
11/05/2017;19;35;10
12/05/2017;14;35;6
13/05/2017;10;35;15
14/05/2017;12;33;20
15/05/2017;15;32;28
16/05/2017;22;37;29
17/05/2017;25;35;12
18/05/2017;15;32;7
19/05/2017;10;40;7
20/05/2017;11;40;8
21/05/2017;13;34;12
22/05/2017;15;36;20
23/05/2017;19;5;36
24/05/2017;24;33;23
25/05/2017;26;42;11
29/05/2017;18;39;15
30/05/2017;18;38;24
31/05/2017;18;34;26
01/06/2017;21;30;15
02/06/2017;21;40;10
03/06/2017;21;34;6
04/06/2017;15;29;6
05/06/2017;10;36;11
06/06/2017;12;26;8
07/06/2017;21;29;7
08/06/2017;25;30;14
09/06/2017;22;37;17
10/06/2017;20;39;20
11/06/2017;17;39;21
12/06/2017;18;37;23
13/06/2017;20;29;22
14/06/2017;20;45;11
15/06/2017;27;46;11
16/06/2017;29;38;11
17/06/2017;23;48;12
18/06/2017;21;36;11
19/06/2017;21;43;8
20/06/2017;21;39;13
21/06/2017;24;37;16
22/06/2017;24;33;15
23/06/2017;23;34;9
24/06/2017;30;25;9
25/06/2017;22;29;15
26/06/2017;20;28;10
27/06/2017;21;31;8
28/06/2017;20;30;8
29/06/2017;15;30;7
30/06/2017;13;33;6
02/01/2017;17;12;21
03/01/2017;20;20;18
04/01/2017;22;25;19
05/01/2017;18;20;17
06/01/2017;20;16;23
07/01/2017;18;20;18
08/01/2017;20;18;14
09/01/2017;19;17;19
10/01/2017;13;18;25
11/01/2017;17;20;17
12/01/2017;17;26;11
13/01/2017;13;29;6
14/01/2017;10;30;8
15/01/2017;7;22;20
16/01/2017;10;28;17
17/01/2017;13;19;18
18/01/2017;16;25;11
19/01/2017;21;27;10
20/01/2017;18;29;7
21/01/2017;13;32;5
22/01/2017;14;8;21
23/01/2017;8;18;17
24/01/2017;13;21;19
25/01/2017;20;25;21
26/01/2017;15;18;28
27/01/2017;19;28;11
28/01/2017;13;27;10
29/01/2017;10;19;26
30/01/2017;14;17;21
31/01/2017;23;21;24
01/02/2017;19;20;17
02/02/2017;19;29;12
03/02/2017;15;30;12
04/02/2017;15;35;5
05/02/2017;10;33;5
06/02/2017;9;19;17
07/02/2017;11;28;14
08/02/2017;12;25;18
09/02/2017;10;28;23
10/02/2017;15;31;11
11/02/2017;19;34;6
12/02/2017;24;37;11
13/02/2017;39;26;12
14/02/2017;31;30;12
15/02/2017;20;30;19
16/02/2017;28;21;19
17/02/2017;24;30;18
18/02/2017;25;38;9
19/02/2017;19;30;11
20/02/2017;19;29;17
21/02/2017;19;22;33
22/02/2017;26;21;26
23/02/2017;27;6;25
24/02/2017;35;29;12
25/02/2017;23;36;11
26/02/2017;18;33;16
27/02/2017;25;30;14
28/02/2017;22;31;14
01/03/2017;13;29;21
02/03/2017;18;33;14
03/03/2017;19;34;4
04/03/2017;12;33;4
05/03/2017;9;33;4
06/03/2017;9;33;6
07/03/2017;14;27;17
08/03/2017;22;27;35
09/03/2017;26;32;38
10/03/2017;34;35;30
11/03/2017;26;39;12
12/03/2017;19;27;14
13/03/2017;18;34;16
14/03/2017;19;32;29
15/03/2017;24;37;38
16/03/2017;29;39;33
17/03/2017;34;42;26
18/03/2017;27;45;24
19/03/2017;27;38;32
20/03/2017;21;27;16
21/03/2017;24;33;6
22/03/2017;16;41;10
23/03/2017;16;28;16
24/03/2017;13; ; 
27/03/2017;14;34;20
28/03/2017;17;33;27
29/03/2017;20;38;24
30/03/2017;20;35;24
31/03/2017;18;34;10
01/10/2016;18;33;8
02/10/2016;20;26;12
03/10/2016;16;29;14
04/10/2016;18;34;16
05/10/2016;17;25;19
06/10/2016;16;23;15
07/10/2016;14;20;12
08/10/2016;18; ; 
10/10/2016;18;28;19
11/10/2016;17;29;10
12/10/2016;13;23;25
13/10/2016;12;27;12
14/10/2016;12;32;15
15/10/2016;12;39;14
17/10/2016;17;26;17
18/10/2016;20;29;14
19/10/2016;18;28;13
20/10/2016;15;17;15
21/10/2016;15;23;11
22/10/2016;14;24;14
23/10/2016;16;20;19
24/10/2016;24;3;23
25/10/2016;33;3;20
26/10/2016;48;14;21
27/10/2016;49;21;20
28/10/2016;30;14;25
29/10/2016;27;18;18
30/10/2016;27;19;20
31/10/2016;23;28;13
01/11/2016;21;20;22
02/11/2016;18;24;23
03/11/2016;24;18;20
04/11/2016;27;26;9
05/11/2016;21;27;7
06/11/2016;11;22;12
07/11/2016;9;23;7
08/11/2016;10;26;8
09/11/2016;13;24;10
10/11/2016;13;26;13
11/11/2016;13;14;17
12/11/2016;16;10;19
13/11/2016;16;16;15
14/11/2016;19;16;19
15/11/2016;18;12;25
16/11/2016;21;12;29
17/11/2016;27;20;22
18/11/2016;25;23;12
19/11/2016;21;17;12
20/11/2016;17;19;13
21/11/2016;24;16;16
22/11/2016;25;22;13
23/11/2016;35;20;12
24/11/2016;19;20;13
25/11/2016;9; ; 
28/11/2016;10;18;14
29/11/2016;18;24;16
30/11/2016;20;17;17
01/12/2016;17;9;19
02/12/2016;17; ; 
05/12/2016;20;24;10
06/12/2016;20;15;26
07/12/2016;18;24;20
08/12/2016;18;26;20
09/12/2016;15;13;26
10/12/2016;17;17;17
11/12/2016;15;6;30
12/12/2016;18;11;30
13/12/2016;28;13;26
14/12/2016;22;14;25
15/12/2016;21;20;21
16/12/2016;18;27;10
17/12/2016;19;24;10
18/12/2016;17;27;13
19/12/2016;12;26;8
20/12/2016;8;21;10
21/12/2016;9;19;19
22/12/2016;13;13;16
23/12/2016;13;13;14
24/12/2016;10;16;5
25/12/2016;8;13;20
26/12/2016;10;5;29
27/12/2016;18;10;26
28/12/2016;21;16;20
29/12/2016;17;21;21
30/12/2016;19;19;23
31/12/2016;19; ; 
01/07/2016;9;34;11
02/07/2016;12;31;5
03/07/2016;16;33;19
04/07/2016;21;41;17
05/07/2016;23;45;14
06/07/2016;21;41;12
07/07/2016;23;41;22
08/07/2016;27;63;15
09/07/2016;29;55;10
10/07/2016;23;47;18
11/07/2016;26;35;8
12/07/2016;22;32;9
13/07/2016;10;35;8
14/07/2016;14;37;8
15/07/2016;20;38;8
16/07/2016;22;49;10
17/07/2016;19;36;14
18/07/2016;19;45;9
19/07/2016;19;42;12
20/07/2016;25;35;19
21/07/2016;33;36;15
22/07/2016;30;44;8
23/07/2016;19;43;8
24/07/2016;15;41;13
25/07/2016;19;41;11
26/07/2016;22;42;11
27/07/2016;21;41;9
28/07/2016;19;39;9
29/07/2016;20; ; 
31/07/2016;1;30;5
01/08/2016;6;36;6
02/08/2016;17;37;7
03/08/2016;21;40;11
04/08/2016;19;32;6
05/08/2016;20;37;5
06/08/2016;18;40;9
07/08/2016;17;45;9
08/08/2016;16;42;8
09/08/2016;18;35;7
10/08/2016;16;42;5
11/08/2016;20;45;6
12/08/2016;24;44;8
13/08/2016;19;41;7
14/08/2016;14;42;6
15/08/2016;11;35;7
16/08/2016;15;38;8
17/08/2016;26;39;11
18/08/2016;29;39;9
19/08/2016;28;36;7
20/08/2016;32;36;5
21/08/2016;18;37;7
22/08/2016;20;42;14
23/08/2016;19;43;20
24/08/2016;19;51;16
25/08/2016;18;42;14
26/08/2016;17;41;13
27/08/2016;18;38;3
28/08/2016;16;29;8
29/08/2016;18;25;14
30/08/2016;21;38;16
31/08/2016;22;46;16
01/09/2016;22;39;19
02/09/2016;22;31;12
03/09/2016;25;40;18
04/09/2016;26;41;26
05/09/2016;28;41;16
06/09/2016;28;39;10
07/09/2016;17;35;12
08/09/2016;16;32;10
09/09/2016;16;38;10
10/09/2016;16;41;11
11/09/2016;18;35;10
12/09/2016;20;39;14
13/09/2016;21;34;10
14/09/2016;19;35;10
15/09/2016;10;31;16
16/09/2016;10;25;5
17/09/2016;10;29;7
18/09/2016;9; ; 
20/09/2016;17;39;17
21/09/2016;18;39;15
22/09/2016;19;35;12
23/09/2016;17;38;13
24/09/2016;13;42;9
25/09/2016;10;32;15
26/09/2016;12;32;13
27/09/2016;16;39;12
28/09/2016;16;36;19
29/09/2016;19;34;16
30/09/2016;16;35;10
01/04/2016;19;26;13
02/04/2016;12;40;8
03/04/2016;15;33;11
04/04/2016;17;35;19
05/04/2016;20;24;13
06/04/2016;11;36;9
07/04/2016;14;31;11
08/04/2016;12;34;6
09/04/2016;11;43;10
10/04/2016;17;36;13
11/04/2016;21;30;20
12/04/2016;19;37;10
13/04/2016;17;33;19
14/04/2016;18;39;17
15/04/2016;20;36;11
16/04/2016;19;43;4
17/04/2016;12;32;13
18/04/2016;13;37;12
19/04/2016;16;43;8
20/04/2016;21;40;18
21/04/2016;16;30;19
22/04/2016;16;32;9
23/04/2016;13;34;4
24/04/2016;9;35;6
25/04/2016;15;37;15
26/04/2016;20;34;8
27/04/2016;22;22;18
28/04/2016;15;38;15
29/04/2016;17;30;8
30/04/2016;14;39;3
01/05/2016;9;38;7
02/05/2016;10;34;18
03/05/2016;19;45;13
04/05/2016;19;46;11
05/05/2016;17;37;13
06/05/2016;19;40;7
07/05/2016;15;34;7
08/05/2016;14;35;10
09/05/2016;21;22;19
10/05/2016;21;34;11
11/05/2016;14;31;16
12/05/2016;20;30;14
13/05/2016;16;31;9
14/05/2016;13;65;9
15/05/2016;12;46;5
16/05/2016;15;40;10
17/05/2016;18;37;9
18/05/2016;19;37;8
19/05/2016;21;36;10
20/05/2016;19;38;13
21/05/2016;20;38;6
22/05/2016;19;33;7
23/05/2016;14;36;9
24/05/2016;16;34;14
25/05/2016;20;34;9
26/05/2016;24;35;15
27/05/2016;27;40;12
28/05/2016;32;36;3
29/05/2016;20;37;9
30/05/2016;13;39;10
31/05/2016;14;49;10
01/06/2016;13;46;13
02/06/2016;16;42;16
03/06/2016;20;38;13
04/06/2016;17;46;8
05/06/2016;18;40;13
06/06/2016;16;42;18
07/06/2016;21;37;16
08/06/2016;21;41;17
09/06/2016;24;46;13
10/06/2016;20;37;10
11/06/2016;21;36;5
12/06/2016;17;32;9
13/06/2016;19;33;7
14/06/2016;19;28;10
15/06/2016;23;29;6
16/06/2016;19;29;9
17/06/2016;20;32;11
18/06/2016;11;35;4
19/06/2016;9;21;11
20/06/2016;10;27;15
22/06/2016;21;44;15
23/06/2016;15;45;12
24/06/2016;10;47;9
25/06/2016;1;39;7
28/06/2016;12;35;16
29/06/2016;25;37;15
30/06/2016;26;35;17
04/01/2016;9;23;10
05/01/2016;6;26;2
06/01/2016;6;21;6
07/01/2016;8;19;18
08/01/2016;12;26;16
09/01/2016;17;26;7
10/01/2016;10;28;11
11/01/2016;17;26;6
12/01/2016;13;20;16
13/01/2016;13;22;10
14/01/2016;13;21;15
15/01/2016;11;29;6
16/01/2016;9;24;12
17/01/2016;10;13;21
18/01/2016;15;21;15
19/01/2016;15;22;22
20/01/2016;12;16;28
21/01/2016;20;9;29
22/01/2016;29;14;26
23/01/2016;29;19;15
24/01/2016;22;22;22
25/01/2016;21;22;20
26/01/2016;18;17;19
27/01/2016;18;21;17
28/01/2016;23;13;24
29/01/2016;29;15;11
30/01/2016;15; ; 
01/02/2016;11;17;21
02/02/2016;14;19;15
03/02/2016;16;22;18
04/02/2016;14;24;22
05/02/2016;21;27;19
06/02/2016;18;30;7
07/02/2016;13;27;9
08/02/2016;10;25;11
09/02/2016;14;30;17
10/02/2016;15;24;17
11/02/2016;10;18;14
12/02/2016;11;26;11
13/02/2016;10;32;5
14/02/2016;7;27;12
15/02/2016;9;24;13
16/02/2016;10;26;8
17/02/2016;12;30;11
18/02/2016;13;23;16
19/02/2016;17;27;17
20/02/2016;15;26;13
21/02/2016;16;24;23
22/02/2016;15;22;12
23/02/2016;18;25;17
24/02/2016;48;25;13
25/02/2016;29;23;15
26/02/2016;12;31;10
27/02/2016;11;30;5
28/02/2016;8;28;11
29/02/2016;10;27;11
01/03/2016;19;30;9
02/03/2016;14;31;7
03/03/2016;12;30;12
04/03/2016;12;32;3
05/03/2016;12;26;3
06/03/2016;7;28;13
07/03/2016;9;27;11
08/03/2016;11;23;14
09/03/2016;11;25;16
10/03/2016;11;25;12
11/03/2016;17; ; 
14/03/2016;19;26;13
15/03/2016;20;31;11
16/03/2016;13;23;17
18/03/2016;14;33;13
19/03/2016;12;27;8
20/03/2016;10;30;18
22/03/2016;10;30;10
23/03/2016;13;35;11
24/03/2016;17;37;9
25/03/2016;20;38;10
26/03/2016;20;34;10
27/03/2016;16;30;6
28/03/2016;12;30;11
29/03/2016;11;36;23
30/03/2016;18;37;15
31/03/2016;24;27;9
11/12/2015;19;9;23
12/12/2015;19;16;21
13/12/2015;14;20;16
14/12/2015;16;4;33
15/12/2015;7;9;27
17/12/2015;8;4;39
18/12/2015;34;3;32
19/12/2015;43;6;24
20/12/2015;39;13;19
21/12/2015;33;14;14
22/12/2015;29;12;25
23/12/2015;27;11;21
24/12/2015;22;14;22
25/12/2015;23;15;22
26/12/2015;22;18;22
27/12/2015;20;23;19
28/12/2015;22;11;28
29/12/2015;23;17;19
30/12/2015;22;17;16
03/01/2016;8;23;3
19/11/2021; ;12;23
21/11/2021; ;20;15
22/11/2021; ;18;10
24/11/2021; ;25;11
01/10/2021; ;32;5
02/10/2021; ;29;1
03/10/2021; ;33;2
08/10/2021; ;29;9
09/10/2021; ;27;7
10/10/2021; ;25;5
11/10/2021; ;28;8
12/10/2021; ;33;7
13/10/2021; ;27;10
14/10/2021; ;29;8
15/10/2021; ;29;11
16/10/2021; ;31;6
17/10/2021; ;32;7
18/10/2021; ;24;13
19/10/2021; ;31;8
20/10/2021; ;32;6
21/10/2021; ;23;7
22/10/2021; ;19;12
23/10/2021; ;23;8
24/10/2021; ;30;7
25/10/2021; ;26;13
26/10/2021; ;31;11
27/10/2021; ;29;10
28/10/2021; ;30;9
29/10/2021; ;28;14
28/09/2021; ;17;9
29/09/2021; ;25;7
30/09/2021; ;23;9
07/05/2021; ;37;5
08/05/2021; ;30;6
09/05/2021; ;29;9
10/05/2021; ;34;3
11/05/2021; ;33;11
31/03/2021; ;40;15
26/02/2021; ;28;9
23/01/2021; ;28;2
24/01/2021; ;25;4
25/01/2021; ;23;9
26/01/2021; ;15;21
31/07/2020; ;33;13
01/08/2020; ;21;3
02/08/2020; ;24;3
03/08/2020; ;20;4
12/09/2020; ;43;8
26/06/2020; ;26; 
31/12/2019; ;14;14
14/02/2020; ;31;15
15/02/2020; ;31;9
16/02/2020; ;25;14
20/02/2020; ;33;22
21/02/2020; ;33;19
21/06/2019; ;39;10
24/06/2019; ;39;6
25/06/2019; ;41;11
31/12/2018; ;19;17
13/01/2019; ;18;15
01/02/2019; ;31;3
02/02/2019; ;29; 
03/02/2019; ;25; 
04/02/2019; ;16; 
05/02/2019; ;10;24
06/02/2019; ;8;27
07/02/2019; ;19;17
08/02/2019; ;14;21
09/02/2019; ;22;15
10/02/2019; ;22;14
11/02/2019; ;17;19
12/02/2019; ;21;17
13/02/2019; ;23;19
14/02/2019; ;21;27
15/02/2019; ;15;35
16/02/2019; ;29;21
17/02/2019; ;28;15
18/02/2019; ;28;15
19/02/2019; ;23;19
20/02/2019; ;25;21
21/02/2019; ;19;24
22/02/2019; ;27;14
23/02/2019; ;28;11
24/02/2019; ;22;25
25/02/2019; ;27;35
26/02/2019; ;18;32
27/02/2019; ;18;40
28/02/2019; ;27;27
01/03/2019; ;30;11
02/03/2019; ;30;16
03/03/2019; ;25;13
04/03/2019; ;28;13
05/03/2019; ;18;17
06/03/2019; ;25;8
07/03/2019; ;23;16
08/03/2019; ;25;19
17/10/2018; ;27;12
11/12/2018; ;10;28
12/12/2018; ;11;17
15/12/2018; ;16;9
16/12/2018; ;24;10
01/07/2018; ;31;10
11/07/2018; ;44;11
13/07/2018; ;44;21
16/07/2018; ;48;11
14/08/2018; ;21;5
15/04/2018; ;26;26
13/05/2018; ;33;7
04/01/2018; ;23;9
28/01/2018; ;13;25
06/02/2018; ;21;12
06/03/2018; ;27;15
08/03/2018; ;26;23
09/03/2018; ;27;12
08/10/2017; ;26;11
20/10/2017; ;30;17
31/10/2017; ;21;14
20/11/2017; ;13;27
22/11/2017; ;9;28
11/12/2017; ;10;20
26/12/2017; ;27;4
09/09/2017; ;16;16
24/09/2017; ;36;7
17/04/2017; ;31;11
07/05/2017; ;37;16
26/05/2017; ;43;7
27/05/2017; ;36;17
28/05/2017; ;34;22
01/01/2017; ;17;20
26/03/2017; ;34;20
09/10/2016; ;11;23
16/10/2016; ;25;21
27/11/2016; ;15;16
04/12/2016; ;27;11
30/07/2016; ;44;5
19/09/2016; ;31;17
21/06/2016; ;39;19
26/06/2016; ;38;6
27/06/2016; ;36;11
31/01/2016; ;11;24
13/03/2016; ;31;17
17/03/2016; ;28;15
21/03/2016; ;27;15
01/10/2015; ;27;17
02/10/2015; ;33;17
03/10/2015; ;26;14
04/10/2015; ;28;13
05/10/2015; ;20;20
06/10/2015; ;26;12
07/10/2015; ;27;12
08/10/2015; ;24;13
09/10/2015; ;19;21
10/10/2015; ;33;12
11/10/2015; ;30;12
12/10/2015; ;29;9
13/10/2015; ;12;22
14/10/2015; ;21;15
15/10/2015; ;24;12
16/10/2015; ;25;16
17/10/2015; ;25;17
18/10/2015; ;24;21
19/10/2015; ;20;16
20/10/2015; ;14;19
21/10/2015; ;16;15
22/10/2015; ;21;17
23/10/2015; ;20;19
24/10/2015; ;21;22
25/10/2015; ;24;12
26/10/2015; ;21;17
27/10/2015; ;19;20
28/10/2015; ;24;15
29/10/2015; ;18;20
30/10/2015; ;19;22
31/10/2015; ;33;10
01/11/2015; ;33;5
02/11/2015; ;32;6
03/11/2015; ;25;9
04/11/2015; ;17;11
05/11/2015; ;10;18
06/11/2015; ;9;17
07/11/2015; ;6;19
08/11/2015; ;23;12
09/11/2015; ;18;11
10/11/2015; ;9;11
11/11/2015; ;11;12
12/11/2015; ;18;8
13/11/2015; ;17;2
14/11/2015; ;16; 
15/11/2015; ;16; 
16/11/2015; ;12; 
17/11/2015; ;20; 
18/11/2015; ;6;35
19/11/2015; ;12;34
20/11/2015; ;20;10
21/11/2015; ;27;3
22/11/2015; ;23;8
23/11/2015; ;20;15
24/11/2015; ;20;14
25/11/2015; ;17;18
26/11/2015; ;15;25
27/11/2015; ;14;27
28/11/2015; ;16;14
30/11/2015; ;14;27
01/12/2015; ;9;29
02/12/2015; ;11;35
03/12/2015; ;9;32
04/12/2015; ;9;29
05/12/2015; ;6;32
06/12/2015; ;12;24
07/12/2015; ;5;27
08/12/2015; ;22;17
09/12/2015; ;30;20
10/12/2015; ;9;28
16/12/2015; ;3;35
01/07/2015; ;38;14
02/07/2015; ;38;18
03/07/2015; ;40;16
04/07/2015; ;54;8
05/07/2015; ;54;17
06/07/2015; ;48;17
07/07/2015; ;46;15
08/07/2015; ;43;8
09/07/2015; ;28;9
10/07/2015; ;47;7
11/07/2015; ;40;6
12/07/2015; ;81;11
13/07/2015; ;47;16
14/07/2015; ;31;18
15/07/2015; ;37;20
16/07/2015; ;40;17
17/07/2015; ;32;10
18/07/2015; ;37;8
19/07/2015; ;39;12
20/07/2015; ;34;13
21/07/2015; ;34;11
22/07/2015; ;51;9
23/07/2015; ;38;7
24/07/2015; ;43;6
25/07/2015; ;36;5
26/07/2015; ;39;10
27/07/2015; ;20;11
28/07/2015; ;46;9
29/07/2015; ;106;10
30/07/2015; ;26;13
31/07/2015; ;37;7
01/08/2015; ;35;6
02/08/2015; ;42;9
03/08/2015; ;71;12
04/08/2015; ;46;14
05/08/2015; ;39;14
06/08/2015; ;33;13
07/08/2015; ;34;8
08/08/2015; ;34;5
09/08/2015; ;36;8
10/08/2015; ;34;8
11/08/2015; ;40;8
12/08/2015; ;29;8
13/08/2015; ;43;7
14/08/2015; ;35;7
15/08/2015; ;33;6
16/08/2015; ;37;7
17/08/2015; ;34;12
18/08/2015; ;27;10
19/08/2015; ;38;8
20/08/2015; ;36;7
21/08/2015; ;34;6
22/08/2015; ;38;4
23/08/2015; ;37;4
24/08/2015; ;32;6
25/08/2015; ;29;6
26/08/2015; ;33;7
27/08/2015; ;26;11
28/08/2015; ;27;7
29/08/2015; ;27;7
30/08/2015; ;31;11
31/08/2015; ;36;10
01/09/2015; ;33;11
02/09/2015; ;31;8
03/09/2015; ;37;15
04/09/2015; ;26;7
05/09/2015; ;37;7
06/09/2015; ;35;13
07/09/2015; ;29;16
08/09/2015; ;34;21
09/09/2015; ;38;18
10/09/2015; ;35;14
11/09/2015; ;30;10
12/09/2015; ;37;9
13/09/2015; ;39;10
14/09/2015; ;21;8
15/09/2015; ;4;12
16/09/2015; ;31;6
17/09/2015; ;32;10
18/09/2015; ;30;8
19/09/2015; ;41;8
20/09/2015; ;35;19
21/09/2015; ;30;16
22/09/2015; ;35;9
23/09/2015; ;28;9
24/09/2015; ;32;19
25/09/2015; ;34;13
26/09/2015; ;31;13
27/09/2015; ;30;13
28/09/2015; ;35;13
29/09/2015; ;30;14
30/09/2015; ;30;15
01/04/2015; ;28;40
02/04/2015; ;2;8
03/04/2015; ;37;7
04/04/2015; ;37;7
05/04/2015; ;33;5
06/04/2015; ;39;12
07/04/2015; ;39;18
08/04/2015; ;44;22
09/04/2015; ;38;17
10/04/2015; ;42;8
11/04/2015; ;43;12
12/04/2015; ;47;34
13/04/2015; ;39;34
14/04/2015; ;39;19
15/04/2015; ;40;20
16/04/2015; ;35;19
17/04/2015; ;34;16
18/04/2015; ;38;7
19/04/2015; ;38;15
20/04/2015; ;33;23
21/04/2015; ;34;33
22/04/2015; ;25;19
23/04/2015; ;40;18
24/04/2015; ;39;9
25/04/2015; ;39;10
26/04/2015; ;36;7
27/04/2015; ;32;11
28/04/2015; ;34;14
29/04/2015; ;35;14
30/04/2015; ;38;14
01/05/2015; ;40;11
02/05/2015; ;37;14
03/05/2015; ;42;17
04/05/2015; ;40;18
05/05/2015; ;33;17
06/05/2015; ;38;18
07/05/2015; ;40;19
08/05/2015; ;37;10
09/05/2015; ;42;11
10/05/2015; ;40;24
11/05/2015; ;39;21
12/05/2015; ;39;20
13/05/2015; ;38;21
14/05/2015; ;36;8
15/05/2015; ;37;6
16/05/2015; ;44;9
17/05/2015; ;41;16
18/05/2015; ;39;17
19/05/2015; ;30;10
20/05/2015; ;30;11
21/05/2015; ;32;9
22/05/2015; ;40;9
23/05/2015; ;39;8
24/05/2015; ;41;14
25/05/2015; ;41;9
26/05/2015; ;34;10
27/05/2015; ;35;11
28/05/2015; ;38;11
29/05/2015; ;40;11
30/05/2015; ;41;12
31/05/2015; ;44;11
01/06/2015; ;45;13
02/06/2015; ;36;25
03/06/2015; ;44;25
04/06/2015; ;39;23
05/06/2015; ;39;21
06/06/2015; ;54;13
07/06/2015; ;52;21
08/06/2015; ;46;19
09/06/2015; ;42;19
10/06/2015; ;52;11
11/06/2015; ;42;11
12/06/2015; ;42;8
13/06/2015; ;43;6
14/06/2015; ;27;13
15/06/2015; ;34;12
16/06/2015; ;42;10
17/06/2015; ;42;9
18/06/2015; ;43;13
19/06/2015; ;44;11
20/06/2015; ;49;13
21/06/2015; ;40;12
22/06/2015; ;39;15
23/06/2015; ;40;7
24/06/2015; ;39;14
25/06/2015; ;43;13
26/06/2015; ;42;12
27/06/2015; ;41;9
28/06/2015; ;36;17
29/06/2015; ;42;18
30/06/2015; ;46;19
01/01/2015; ;24;17
02/01/2015; ;21;7
03/01/2015; ;26;11
04/01/2015; ;22;24
05/01/2015; ;12;8
06/01/2015; ;23;30
07/01/2015; ;10;24
08/01/2015; ;17;15
09/01/2015; ;18;14
10/01/2015; ;16;13
11/01/2015; ;16;24
12/01/2015; ;21;24
13/01/2015; ;20;17
14/01/2015; ;26;22
15/01/2015; ;21;22
16/01/2015; ;10;10
17/01/2015; ;25;14
18/01/2015; ;25;17
19/01/2015; ;25;10
20/01/2015; ;15; 
22/01/2015; ;16;10
23/01/2015; ;22;4
24/01/2015; ;27;9
25/01/2015; ;34;13
26/01/2015; ;24;18
27/01/2015; ;19;20
28/01/2015; ;19;15
29/01/2015; ;20;5
30/01/2015; ;26;4
31/01/2015; ;28;1
01/02/2015; ;30;16
02/02/2015; ;27;18
03/02/2015; ;17;9
04/02/2015; ;24;12
05/02/2015; ;24;8
06/02/2015; ;20;9
07/02/2015; ;18; 
11/02/2015; ;10;30
12/02/2015; ;9;28
13/02/2015; ;24;14
14/02/2015; ;27;13
15/02/2015; ;25;24
16/02/2015; ;20;23
17/02/2015; ;18;17
18/02/2015; ;25;21
19/02/2015; ;33;23
20/02/2015; ;28;12
21/02/2015; ;32;4
22/02/2015; ;36;19
23/02/2015; ;24;6
24/02/2015; ;32;13
25/02/2015; ;30;26
26/02/2015; ;23;16
27/02/2015; ;28;10
28/02/2015; ;29;19
01/03/2015; ;25;12
02/03/2015; ;22;18
03/03/2015; ;26;22
04/03/2015; ;22;12
05/03/2015; ;32;21
06/03/2015; ;29;18
07/03/2015; ;30;20
08/03/2015; ;37;28
09/03/2015; ;29;31
10/03/2015; ;34;43
11/03/2015; ;30;28
12/03/2015; ;37;17
13/03/2015; ;42;11
14/03/2015; ;31;14
15/03/2015; ;31;17
16/03/2015; ;31;17
17/03/2015; ;33;10
18/03/2015; ;34;12
19/03/2015; ;35;10
20/03/2015; ;39; 
22/03/2015; ;25;7
23/03/2015; ;33;15
24/03/2015; ;24;17
25/03/2015; ;27;21
26/03/2015; ;29;21
27/03/2015; ;26;21
28/03/2015; ;12; 
30/03/2015; ;28;14
31/03/2015; ;35;11
01/10/2014; ;15;20
02/10/2014; ;31;24
03/10/2014; ;29;14
04/10/2014; ;41;10
05/10/2014; ;30;20
06/10/2014; ;28;9
07/10/2014; ;19;22
08/10/2014; ;32;19
09/10/2014; ;31;18
10/10/2014; ;13; 
15/10/2014; ;22;12
16/10/2014; ;21;24
17/10/2014; ;19; 
22/10/2014; ;27;20
23/10/2014; ;21;29
24/10/2014; ;16;24
25/10/2014; ;24; 
27/10/2014; ;30; 
29/10/2014; ;23;25
30/10/2014; ;18;17
31/10/2014; ;24;11
01/11/2014; ;28; 
03/11/2014; ;29;10
04/11/2014; ;28;13
05/11/2014; ;21;13
06/11/2014; ;20;15
07/11/2014; ;19;13
08/11/2014; ;18; 
11/11/2014; ;22;11
12/11/2014; ;21;16
13/11/2014; ;21;34
14/11/2014; ;7;7
15/11/2014; ;27;5
16/11/2014; ;26;9
17/11/2014; ;27;15
18/11/2014; ;22;21
19/11/2014; ;21;26
20/11/2014; ;23;24
21/11/2014; ;21;17
22/11/2014; ;21;12
23/11/2014; ;25;17
24/11/2014; ;21;20
25/11/2014; ;14;20
26/11/2014; ;9;25
27/11/2014; ;13;17
28/11/2014; ;24;9
29/11/2014; ;27;6
30/11/2014; ;26;18
01/12/2014; ;18;12
02/12/2014; ;14;14
03/12/2014; ;14;14
04/12/2014; ;8;10
05/12/2014; ;11;8
06/12/2014; ;17;7
07/12/2014; ;22;8
08/12/2014; ;24;7
09/12/2014; ;29;9
10/12/2014; ;27;11
11/12/2014; ;20;16
12/12/2014; ;23;18
13/12/2014; ;15; 
16/12/2014; ;20;17
17/12/2014; ;15;13
18/12/2014; ;17;11
19/12/2014; ;14;7
20/12/2014; ;14;10
21/12/2014; ;15;22
22/12/2014; ;3;28
23/12/2014; ;8;24
24/12/2014; ;14;15
25/12/2014; ;20;8
26/12/2014; ;19;6
27/12/2014; ;20;3
28/12/2014; ;31; 
25/09/2014; ;28;18
26/09/2014; ;29;15
27/09/2014; ;38;9
28/09/2014; ;35;23
29/09/2014; ;23;19
30/09/2014; ;21;21
14/07/2018; ; ;21
15/07/2018; ; ;16
19/07/2018; ; ;14
20/07/2018; ; ;11
31/12/2014; ; ;13
21/01/2015; ; ;15
10/02/2015; ; ;42
21/03/2015; ; ;15
29/03/2015; ; ;11
14/10/2014; ; ;19
21/10/2014; ; ;12
26/10/2014; ; ;11
28/10/2014; ; ;22
02/11/2014; ; ;14
10/11/2014; ; ;26
15/12/2014; ; ;11
24/09/2014; ; ;12
