date; pm10; no2; so2; co
2020-01-01;5;14; ; 
2020-01-02;13;16;2; 
2020-01-03;14;13;2; 
2020-01-04;13;5; ; 
2020-01-05;15;6; ; 
2020-01-08;19;14; ; 
2020-01-09;24;15; ; 
2020-01-10;17;15; ; 
2020-01-11;14;5; ; 
2020-01-13;28;22;6; 
2020-01-14;19;32;4; 
2020-01-15;20;29;2; 
2020-01-16;22;23;2; 
2020-01-17;25;21;2; 
2020-01-18;25;7; ; 
2020-01-19;23;1;1; 
2020-01-20;14;16;2; 
2020-01-21;11;9; ; 
2020-01-22;8;12; ; 
2020-01-23;8;5; ; 
2020-01-29;3;19;1; 
2020-01-30;3;22;3; 
2020-01-31;4;18;1; 
2019-10-01;28;16;1; 
2019-10-02;20;18;3; 
2019-10-03;19;14;1; 
2019-10-04;23;21;3; 
2019-10-05;21;15;2; 
2019-10-06;19;26;4; 
2019-10-07;27;13;2; 
2019-10-08;25;13;1; 
2019-10-09;21;14;1; 
2019-10-10;22;11;1; 
2019-10-11;23;8;1; 
2019-10-12;25;10;1; 
2019-10-13;29;16;1; 
2019-10-14;28;16;2; 
2019-10-15;14;25;6; 
2019-10-16;18;22;4; 
2019-10-17;22;16;3; 
2019-10-18;17;15;3; 
2019-10-19;12;13;1; 
2019-10-20;12;26;6; 
2019-10-21;14;26;3; 
2019-10-22;20;19;1; 
2019-10-23;14;18;1; 
2019-10-24;13;17;1; 
2019-10-25;18;16;5; 
2019-10-26;21;12;2; 
2019-10-27;18;16;1; 
2019-10-28;25;16;3; 
2019-10-29;27;16;2; 
2019-10-30;23;14;1; 
2019-10-31;25;12;1; 
2019-11-01;20;11; ; 
2019-11-02;29;12;1; 
2019-11-03;27;18;1; 
2019-11-04;20;14;3; 
2019-11-05;18;15;4; 
2019-11-06;19;22;6; 
2019-11-07;20;16;4; 
2019-11-08;18;14;2; 
2019-11-09;15;11;1; 
2019-11-10;11;15;1; 
2019-11-11;15;16;1; 
2019-11-12;14;14;1; 
2019-11-13;19; ; ; 
2019-11-15;13;10;1; 
2019-11-16;18;13;1; 
2019-11-17;14;13;1; 
2019-11-18;14;24;3; 
2019-11-19;26;21;2; 
2019-11-20;25;22;2; 
2019-11-21;21;17;1; 
2019-11-22;16;12;1; 
2019-11-23;19;13;1; 
2019-11-24;19;18;2; 
2019-11-25;24;16;2; 
2019-11-26;19;19;2; 
2019-11-27;157;17;2; 
2019-11-28;35;16;1; 
2019-11-29;32;15;2; 
2019-11-30;28;13;1; 
2019-12-01;20;12; ; 
2019-12-02;15;18;3; 
2019-12-03;20;15;2; 
2019-12-04;29;16;2; 
2019-12-05;28;8; ; 
2019-12-06;30;9;1; 
2019-12-07;32;16;4; 
2019-12-08;30;12;1; 
2019-12-09;19;21;3; 
2019-12-10;17;13;1; 
2019-12-11;16;9;1; 
2019-12-12;15;11;1; 
2019-12-13;12;12; ; 
2019-12-14;17;11;2; 
2019-12-15;10;10;2; 
2019-12-16;12;14;1; 
2019-12-17;11;19;2; 
2019-12-18;9;22;2; 
2019-12-19;9;13; ; 
2019-12-20;10;5; ; 
2019-12-21;14;11;1; 
2019-12-22;11;12;2; 
2019-12-23;12;13;1; 
2019-12-24;14;22;2; 
2019-12-25;10;24;3; 
2019-12-26;14;8;1; 
2019-12-27;13;5; ; 
2019-12-28;10;5; ; 
2019-12-29;8; ; ; 
2019-07-01;38;20;6; 
2019-07-02;38;21;6; 
2019-07-03;28;20;6; 
2019-07-04;28;15;7; 
2019-07-05;22;20;9; 
2019-07-06;20;20;6; 
2019-07-07;19;11;5; 
2019-07-08;17;28;7; 
2019-07-09;21;13;5; 
2019-07-10;21;11;5; 
2019-07-11;24;28;9; 
2019-07-12;30;14;5; 
2019-07-13;28;16;7; 
2019-07-14;23;20;6; 
2019-07-15;23;18;3; 
2019-07-16;25;23;4; 
2019-07-17;31;23;4; 
2019-07-18;27;9;2; 
2019-07-19;30;23;6; 
2019-07-20;26;18;2; 
2019-07-21;34;7;1; 
2019-07-22;31;6;1; 
2019-07-23;33;12;1; 
2019-07-24;31;23;3; 
2019-07-25;34;14;3; 
2019-07-26;28;11;3; 
2019-07-27;18;17;4; 
2019-07-28;10;16;4; 
2019-07-29;13;18;13; 
2019-07-30;23;9;1; 
2019-07-31;24;14;1; 
2019-08-01;27;23;3; 
2019-08-02;30;29;6; 
2019-08-03;27;15;3; 
2019-08-04;22;21;5; 
2019-08-05;18;22;5; 
2019-08-06;17;20;7; 
2019-08-07;19;20;4; 
2019-08-08;18;14;3; 
2019-08-09;16;15;3; 
2019-08-10;15;16;2; 
2019-08-11;20;19;3; 
2019-08-12;20;17;5; 
2019-08-13;21;12; ; 
2019-08-14;23;29;3; 
2019-08-15;27;28;5; 
2019-08-16;35;23;4; 
2019-08-17;32;22;4; 
2019-08-18;30;18;4; 
2019-08-19;21;22;5; 
2019-08-20;22;7;1; 
2019-08-21;29;9;1; 
2019-08-22;157;7;2; 
2019-08-23;479;5;2; 
2019-08-24;24;4;2; 
2019-08-25;21;11;2; 
2019-08-26;26;19;3; 
2019-08-27;31;20;2; 
2019-08-29;28;14;3; 
2019-08-30;25;11;2; 
2019-08-31;25;21;4; 
2019-09-01;30;17;6; 
2019-09-02;34;10;3; 
2019-09-03;27;18;2; 
2019-09-04;25;16;1; 
2019-09-05;25;10;1; 
2019-09-06;25;7;1; 
2019-09-07;25;10;1; 
2019-09-08;23;22;2; 
2019-09-09;24;14;2; 
2019-09-10;20;21;3; 
2019-09-11;4;15;1; 
2019-09-13;10;7; ; 
2019-09-14;23;17;1; 
2019-09-15;38;23;2; 
2019-09-16;36;12;1; 
2019-09-17;42;23;2; 
2019-09-18;47;22;1; 
2019-09-19;24;21;4; 
2019-09-20;27;17;2; 
2019-09-21;32;17;2; 
2019-09-22;15;15;2; 
2019-09-23;10; ; ; 
2019-09-28;32;18;4; 
2019-09-29;30;33;4; 
2019-09-30;28;23;4; 
2019-04-01;24;20;12; 
2019-04-02;30;22;8; 
2019-04-03;35;12;4; 
2019-04-04;25;15;2; 
2019-04-05;18;9; ; 
2019-04-06;13;12; ; 
2019-04-07;15;19;1; 
2019-04-08;17;11;2; 
2019-04-09;21;11;1; 
2019-04-10;21;20;2; 
2019-04-11;22;26;4; 
2019-04-12;27;21;3; 
2019-04-13;26;28;9; 
2019-04-14;21;24;5; 
2019-04-15;28;18;4; 
2019-04-16;24;12;2; 
2019-04-17;17;21;3; 
2019-04-18;24;14;3; 
2019-04-19;16;16;5; 
2019-04-20;15;15;5; 
2019-04-21;16;17;4; 
2019-04-22;22;10;5; 
2019-04-23;27;18;3; 
2019-04-24;19;14;2; 
2019-04-25;22;23;2; 
2019-04-26;27;7;1; 
2019-04-27;25;5;1; 
2019-04-28;24;4; ; 
2019-04-29;18;12;2; 
2019-04-30;25;9; ; 
2019-05-01;30;8; ; 
2019-05-02;34;22;2; 
2019-05-03;41;16;3; 
2019-05-04;38;17;3; 
2019-05-05;31;24;3; 
2019-05-06;29;19;2; 
2019-05-07;33;9;1; 
2019-05-08;147;13;1; 
2019-05-09;24;18;5; 
2019-05-10;23;21;4; 
2019-05-11;29;7;2; 
2019-05-12;33;12;3; 
2019-05-13;38;10;1; 
2019-05-14;42;23;5; 
2019-05-15;41;20;4; 
2019-05-16;38;14;2; 
2019-05-17;32;12;2; 
2019-05-18;29;12;3; 
2019-05-19;24;22;4; 
2019-05-20;26;24;6; 
2019-05-21;32;9;3; 
2019-05-22;34;31;7; 
2019-05-23;35;21;3; 
2019-05-24;38;8;1; 
2019-05-25;39;9;2; 
2019-05-26;32;29;3; 
2019-05-27;29;31;6; 
2019-05-28;37;10;2; 
2019-05-29;40;7; ; 
2019-05-30;39;8; ; 
2019-05-31;38;4;1; 
2019-06-01;34;6;2; 
2019-06-02;28;25;6; 
2019-06-03;28;25;6; 
2019-06-04;32;11;2; 
2019-06-05;28;22;4; 
2019-06-06;31;21;2; 
2019-06-07;28;10;3; 
2019-06-08;30;13;3; 
2019-06-09;33;17;4; 
2019-06-10;30;17;3; 
2019-06-11;28;7;2; 
2019-06-12;32;9;2; 
2019-06-13;39;12;2; 
2019-06-14;32;11;2; 
2019-06-15;24;19;6; 
2019-06-16;30;25;9; 
2019-06-17;37;26;4; 
2019-06-18;40;16;3; 
2019-06-19;36;13;2; 
2019-06-20;35;23;3; 
2019-06-21;36;8;3; 
2019-06-22;41;12;4; 
2019-06-23;46;16;5; 
2019-06-24;42;13;4; 
2019-06-25;37;18;5; 
2019-06-26;35;21;3; 
2019-06-27;39;16;4; 
2019-06-28;42;27;8; 
2019-06-29;46;22;4; 
2019-06-30;46;18;4; 
2019-01-01;23;19;17; 
2019-01-02;27;15;6; 
2019-01-03;26;13;4; 
2019-01-04;27;10;4; 
2019-01-05;23;20;7; 
2019-01-06;25;23;6; 
2019-01-07;28;15;5; 
2019-01-08;32;24;6; 
2019-01-09;37;17;7; 
2019-01-10;34;12;4; 
2019-01-11;30;7;4; 
2019-01-12;23;16;6; 
2019-01-13;19;23;8; 
2019-01-14;29;17;18; 
2019-01-15;25;26;7; 
2019-01-16;32;19;7; 
2019-01-17;27;22;10; 
2019-01-18;33;13;6; 
2019-01-19;25;10;6; 
2019-01-20;17;20;8; 
2019-01-21;22;19;8; 
2019-01-22;26;10;6; 
2019-01-23;21;11;4; 
2019-01-24;19;17;8; 
2019-01-25;19;23;10; 
2019-01-26;27;10;8; 
2019-01-27;26;12;3; 
2019-01-28;20;10;1; 
2019-01-29;17;14;1; 
2019-01-30;12;17;2; 
2019-01-31;14;10;2; 
2019-02-01;20;5;1; 
2019-02-02;22;10;1; 
2019-02-03;16;26;5; 
2019-02-04;19;30;4; 
2019-02-05;31;27;5; 
2019-02-06;38;25;5; 
2019-02-07;39;22;8; 
2019-02-08;30;14;2; 
2019-02-09;23;10;1; 
2019-02-10;19;16;1; 
2019-02-11;16;13;2; 
2019-02-12;21;10;2; 
2019-02-13;26;11;1; 
2019-02-14;25;10;1; 
2019-02-15;28;10;1; 
2019-02-16;30;10;2; 
2019-02-17;28;11;2; 
2019-02-18;27;20;3; 
2019-02-19;35;13;2; 
2019-02-20;28;11;1; 
2019-02-21;23;10;2; 
2019-02-22;20;26;5; 
2019-02-23;29;11;3; 
2019-02-24;43;8;1; 
2019-02-25;24;7;1; 
2019-02-26;17;15;2; 
2019-02-27;11;24;4; 
2019-02-28;16;16;2; 
2019-03-01;17;16;2; 
2019-03-02;24;26;3; 
2019-03-03;30;17;3; 
2019-03-04;36;20;6; 
2019-03-05;21;23;4; 
2019-03-06;26;16;2; 
2019-03-07;28;25;5; 
2019-03-08;27;13;3; 
2019-03-09;24;18;3; 
2019-03-10;24;25;5; 
2019-03-11;21;22;8; 
2019-03-14;26;19;2; 
2019-03-15;28;25;3; 
2019-03-16;23;23;4; 
2019-03-17;26;10;1; 
2019-03-18;34;14;1; 
2019-03-19;38;13; ; 
2019-03-20;29;8; ; 
2019-03-21;21;10;1; 
2019-03-22;27;5;1; 
2019-03-23;33;7;1; 
2019-03-24;35;10;2; 
2019-03-25;38;8;4; 
2019-03-26;35;13;1; 
2019-03-27;43;10; ; 
2019-03-28;36;11;1; 
2019-03-29;30;8;1; 
2019-03-30;30;8;1; 
2019-03-31;22;24;4; 
2018-10-01;25;10;3; 
2018-10-02;29;7;1; 
2018-10-03;32;6;2; 
2018-10-04;30;6;2; 
2018-10-05;23;6;1; 
2018-10-06;23;21;2; 
2018-10-07;27;22;3; 
2018-10-08;29;11;2; 
2018-10-09;30;14;1; 
2018-10-10;27;13;2; 
2018-10-11;25;17;2; 
2018-10-12;26;9;2; 
2018-10-13;28;7;2; 
2018-10-14;23;16;3; 
2018-10-15;14;16;3; 
2018-10-19;17;7;2; 
2018-10-20;18;13;3; 
2018-10-21;32;10;2; 
2018-10-22;38;8;14; 
2018-10-24;38;22;2; 
2018-10-25;37;24;5; 
2018-10-26;39;10;2; 
2018-10-27;28;6;2; 
2018-10-28;18;11;4; 
2018-10-29;12;16;3; 
2018-10-30;17;17;1; 
2018-10-31;17;18;3; 
2018-11-01;13;18;2; 
2018-11-02;16;24;1; 
2018-11-03;17;18;3; 
2018-11-04;22;18;1; 
2018-11-05;17;25;2; 
2018-11-06;21;28;2; 
2018-11-07;22;24;2; 
2018-11-08;26;23;2; 
2018-11-09;20;18;2; 
2018-11-10;20;19;3; 
2018-11-11;19;22;5; 
2018-11-12;26;16;3; 
2018-11-13;30;14;3; 
2018-11-14;37;20;4; 
2018-11-15;42;11;3; 
2018-11-16;34;15;3; 
2018-11-17;34;18;4; 
2018-11-18;24;23;4; 
2018-11-19;14;12;17; 
2018-11-20;17;23;4; 
2018-11-21;15;18;2; 
2018-11-22;19;18;2; 
2018-11-23;16;26;4; 
2018-11-24;22;17;1; 
2018-11-25;17;15; ; 
2018-11-26;24;28;5; 
2018-11-27;31;29;5; 
2018-11-28;37;23;4; 
2018-11-29;40;19;2; 
2018-11-30;28;25;4; 
2018-12-01;22;18;2; 
2018-12-02;23;24;4; 
2018-12-03;30;28;6; 
2018-12-04;40;16;17; 
2018-12-05;46;24;4; 
2018-12-06;46;23;5; 
2018-12-07;45;19;2; 
2018-12-08;33;11;1; 
2018-12-09;29;18;2; 
2018-12-10;33;20;2; 
2018-12-11;34;20;1; 
2018-12-12;36;15;1; 
2018-12-13;26;13; ; 
2018-12-14;22;13;2; 
2018-12-15;22;15;1; 
2018-12-16;19;16;3; 
2018-12-17;21;13;23; 
2018-12-18;23;21;3; 
2018-12-19;31;21;5; 
2018-12-20;23;16;1; 
2018-12-21;28;7;1; 
2018-12-22;24;13;2; 
2018-12-23;21;17;4; 
2018-12-24;28;11;2; 
2018-12-25;32;8;1; 
2018-12-26;25;17;1; 
2018-12-27;23;17;3; 
2018-12-28;33;8;1; 
2018-12-29;28;10;1; 
2018-12-30;29; ; ; 
2018-07-01;14;15;1; 
2018-07-02;21;19;1; 
2018-07-03;23;13;1; 
2018-07-04;23;20;1; 
2018-07-05;20;28;7; 
2018-07-06;27;16;2; 
2018-07-07;32;11; ; 
2018-07-08;25;24; ; 
2018-07-09;33;24;1; 
2018-07-10;39;20;6; 
2018-07-11;34;16;9; 
2018-07-12;28;21;3; 
2018-07-13;30;21;4; 
2018-07-14;33;8;1; 
2018-07-15;22;19;3; 
2018-07-16;22;22;5; 
2018-07-17;31;26;7; 
2018-07-18;30;22;6; 
2018-07-19;40;21;3; 
2018-07-20;29;16;2; 
2018-07-21;29;18;5; 
2018-07-22;26;13;1; 
2018-07-23;33;22;3; 
2018-07-24;35;20;2; 
2018-07-25;27;22;2; 
2018-07-26;26;15;1; 
2018-07-27;28;18;2; 
2018-07-28;26;13;2; 
2018-07-29;20;17;2; 
2018-07-30;24;19;2; 
2018-07-31;27;11;3; 
2018-08-01;34;4; ; 
2018-08-02;30;18;2; 
2018-08-03;29;21;3; 
2018-08-04;34;19;3; 
2018-08-05;36;24;5; 
2018-08-06;37;26;4; 
2018-08-07;40;27;6; 
2018-08-08;48;16;2; 
2018-08-09;35;12;1; 
2018-08-10;27;3; ; 
2018-08-11;32;8;2; 
2018-08-12;37;23;3; 
2018-08-13;38;21;4; 
2018-08-14;28;22;6; 
2018-08-15;26;23;4; 
2018-08-16;30;21;2; 
2018-08-17;28;5;1; 
2018-08-18;30;3;1; 
2018-08-19;25;6;1; 
2018-08-20;28;5;1; 
2018-08-21;999;6;1; 
2018-08-23;25;27;2; 
2018-08-24;33;25;4; 
2018-08-25;34;15;2; 
2018-08-26;39;4;2; 
2018-08-27;32;11;3; 
2018-08-28;33;23;2; 
2018-08-29;36;10;1; 
2018-08-30;28;5;1; 
2018-08-31;27;3;2; 
2018-09-01;27;6;3; 
2018-09-02;30;19;4; 
2018-09-03;42;16;2; 
2018-09-04;42;13;1; 
2018-09-05;25;20;2; 
2018-09-06;32;22;3; 
2018-09-07;33;19;4; 
2018-09-08;33;15;2; 
2018-09-09;21;10;2; 
2018-09-10;25;6;4; 
2018-09-11;26;16;1; 
2018-09-12;40;21;3; 
2018-09-13;51;17;2; 
2018-09-14;54;13;2; 
2018-09-15;42;4;2; 
2018-09-16;29;7;2; 
2018-09-17;30;16;3; 
2018-09-18;48;15;2; 
2018-09-19;60;11;2; 
2018-09-20;55;14;1; 
2018-09-21;41;10; ; 
2018-09-22;32;5; ; 
2018-09-23;27;17;4; 
2018-09-24;28;6;3; 
2018-09-25;28;6;1; 
2018-09-26;30;7;1; 
2018-09-27;34;8;1; 
2018-09-28;35;8;1; 
2018-09-29;28;10;1; 
2018-09-30;20;21;2; 
2018-04-01;20;15;4; 
2018-04-02;23;19;3; 
2018-04-03;20;15;2; 
2018-04-04;22;7;2; 
2018-04-05;28;11;3; 
2018-04-06;29;12;2; 
2018-04-07;19;9;2; 
2018-04-08;11;12;2; 
2018-04-09;16;16; ; 
2018-04-10;19;12; ; 
2018-04-11;18;23;2; 
2018-04-12;19;20;1; 
2018-04-13;16;20; ; 
2018-04-14;14;15; ; 
2018-04-15;15;15; ; 
2018-04-16;14;19;1; 
2018-04-17;25;13;2; 
2018-04-18;27;10; ; 
2018-04-19;22;13; ; 
2018-04-20;35;9; ; 
2018-04-21;46;16; ; 
2018-04-22;52;19;1; 
2018-04-23;55;22;1; 
2018-04-24;56;19;1; 
2018-04-25;55;22;1; 
2018-04-26;48;24;1; 
2018-04-27;36;16; ; 
2018-04-28;26;13; ; 
2018-04-29;14;17; ; 
2018-04-30;18;14; ; 
2018-05-01;15;19; ; 
2018-05-02;22;26;1; 
2018-05-03;23;18; ; 
2018-05-04;26;11; ; 
2018-05-05;23;8; ; 
2018-05-06;23;14; ; 
2018-05-07;22;25;1; 
2018-05-08;33;17; ; 
2018-05-09;36;14; ; 
2018-05-10;27;26;1; 
2018-05-11;28;14; ; 
2018-05-12;30;23;1; 
2018-05-13;22;26;1; 
2018-05-14;28;18;1; 
2018-05-15;26;10; ; 
2018-05-16;22;17;1; 
2018-05-17;30;9; ; 
2018-05-18;26;10; ; 
2018-05-19;28;19; ; 
2018-05-20;25;20;1; 
2018-05-21;24;23;12; 
2018-05-22;30;14;2; 
2018-05-23;33;16;3; 
2018-05-24;28;17;3; 
2018-05-25;24;19;4; 
2018-05-26;21;11;2; 
2018-05-27;21;9;2; 
2018-05-28;20;12;2; 
2018-05-29;24;15;4; 
2018-05-30;21;12;3; 
2018-05-31;21;12;3; 
2018-06-01;22;12;3; 
2018-06-02;22;16;4; 
2018-06-03;25;8;1; 
2018-06-04;22;7;8; 
2018-06-05;237;11;2; 
2018-06-07;24;14;3; 
2018-06-08;28;12;4; 
2018-06-09;24;7;3; 
2018-06-10;23;8;4; 
2018-06-11;30;15;3; 
2018-06-12;38;19;4; 
2018-06-13;45;16;5; 
2018-06-14;50;22;9; 
2018-06-15;54;18;4; 
2018-06-16;32;17;5; 
2018-06-17;27;12;2; 
2018-06-18;22;4;2; 
2018-06-19;24;4; ; 
2018-06-20;24;12;1; 
2018-06-21;23;25;5; 
2018-06-22;26;16;5; 
2018-06-23;27;18;1; 
2018-06-24;27;24;2; 
2018-06-25;31;22;2; 
2018-06-26;29;19;2; 
2018-06-27;25;16;3; 
2018-06-28;22;15;3; 
2018-06-29;25;15;3; 
2018-06-30;21;11;2; 
2018-01-01;18;21;4; 
2018-01-02;606;19;5; 
2018-01-03;999;13;4; 
2018-01-04;15;18;3; 
2018-01-05;15;11;1; 
2018-01-06;16;8;1; 
2018-01-07;10;17;2; 
2018-01-08;12;26;3; 
2018-01-09;16;19;1; 
2018-01-10;20;15;2; 
2018-01-11;24;21;2; 
2018-01-12;25;22;2; 
2018-01-13;25;18;1; 
2018-01-14;17;22;4; 
2018-01-15;16;26;2; 
2018-01-16;20;24;5; 
2018-01-17;30;10;1; 
2018-01-18;26;21;5; 
2018-01-19;33;11;2; 
2018-01-20;31;12;1; 
2018-01-21;20;23;4; 
2018-01-22;22;18;3; 
2018-01-23;30;16;1; 
2018-01-24;29;16;2; 
2018-01-25;30;11;2; 
2018-01-26;18;13;1; 
2018-01-27;14;22;4; 
2018-01-28;15;11; ; 
2018-01-29;30;13;4; 
2018-01-30;42;12;1; 
2018-01-31;34;15;4; 
2018-02-01;34;13;2; 
2018-02-02;23;17;6; 
2018-02-03;14;12;2; 
2018-02-04;13;16;3; 
2018-02-05;14;14;4; 
2018-02-06;14;20;3; 
2018-02-07;15;23;2; 
2018-02-08;19;18;3; 
2018-02-09;21;12;2; 
2018-02-10;14;18;4; 
2018-02-11;20;15;3; 
2018-02-12;19;17;2; 
2018-02-13;17;14;2; 
2018-02-14;17;20;5; 
2018-02-15;18;23;6; 
2018-02-16;28;13;4; 
2018-02-17;25;12;3; 
2018-02-18;20;16;6; 
2018-02-19;31;23;5; 
2018-02-20;35;22;5; 
2018-02-21;30;20;6; 
2018-02-22;22;25;8; 
2018-02-23;25;13;3; 
2018-02-24;24;7;4; 
2018-02-25;18;16;4; 
2018-02-26;20;20;6; 
2018-02-27;19;30;3; 
2018-02-28;26;19;1; 
2018-03-01;28;25;2; 
2018-03-02;32;16;3; 
2018-03-03;28;17;4; 
2018-03-04;15;9;3; 
2018-03-05;20;18;4; 
2018-03-06;21;15;4; 
2018-03-07;14;20;4; 
2018-03-08;15;18;4; 
2018-03-09;28;17;6; 
2018-03-10;27;11;3; 
2018-03-11;21;14;3; 
2018-03-12;20;23;4; 
2018-03-13;20;23;5; 
2018-03-14;20;18;4; 
2018-03-15;21;15;4; 
2018-03-16;19;15;4; 
2018-03-17;18;7;3; 
2018-03-18;21;15;4; 
2018-03-19;16;11;3; 
2018-03-20;15;22;7; 
2018-03-21;15;22;6; 
2018-03-22;18;15;1; 
2018-03-23;23;7;4; 
2018-03-24;19;11;4; 
2018-03-25;18;26;6; 
2018-03-26;19;23;5; 
2018-03-27;24;26;8; 
2018-03-28;32;12;3; 
2018-03-29;26;10;2; 
2018-03-30;14;11;1; 
2018-03-31;16;11;3; 
2017-10-20;27;18;3; 
2017-10-21;25;26; ; 
2017-10-22;22;22; ; 
2017-10-23;23;9; ; 
2017-10-24;27;4; ; 
2017-10-25;21;10;1; 
2017-10-27;23;14;1; 
2017-10-28;27;14;2; 
2017-10-29;23;8;1; 
2017-10-30;31;12;1; 
2017-10-31;32;10;1; 
2017-11-01;28;8; ; 
2017-11-02;29;15;1; 
2017-11-03;27;12;1; 
2017-11-04;20;14;3; 
2017-11-05;13;15;1; 
2017-11-06;17;15;2; 
2017-11-07;19;11;1; 
2017-11-08;22;24;2; 
2017-11-09;26;23;4; 
2017-11-10;21;20;4; 
2017-11-11;22;26;6; 
2017-11-12;22;22;5; 
2017-11-13;21;19;1; 
2017-11-14;30;25;4; 
2017-11-15;28;15;1; 
2017-11-16;24;17;2; 
2017-11-17;24;21;1; 
2017-11-18;21;12;1; 
2017-11-19;21;6;2; 
2017-11-20;22;14;2; 
2017-11-21;27;21;5; 
2017-11-22;34;22;4; 
2017-11-23;38;38;11; 
2017-11-24;41;28;9; 
2017-11-25;41;28;9; 
2017-11-26;40;16;6; 
2017-11-27;31;11; ; 
2017-11-28;27;20;1; 
2017-11-29;31;23;2; 
2017-11-30;19;15;1; 
2017-12-01;18;24;5; 
2017-12-02;21;23;5; 
2017-12-03;13;16;3; 
2017-12-04;15;10; ; 
2017-12-05;21;12;98; 
2017-12-06;21;14;1; 
2017-12-07;22;15;1; 
2017-12-08;27;27;4; 
2017-12-09;23;13;1; 
2017-12-10;20;17;1; 
2017-12-11;19;16;1; 
2017-12-12;21;16;1; 
2017-12-13;21;24;3; 
2017-12-14;24;18;1; 
2017-12-15;17;21;2; 
2017-12-16;16;15;2; 
2017-12-17;16;11; ; 
2017-12-18;18;19;1; 
2017-12-19;23;22;7; 
2017-12-20;26;19;2; 
2017-12-21;29;19;2; 
2017-12-22;27;27;4; 
2017-12-23;25;18;3; 
2017-12-24;24;11;1; 
2017-12-25;23;20;1; 
2017-12-26;20;20;2; 
2017-12-27;18;9;1; 
2017-12-28;16;12;1; 
2017-12-29;14;15;2; 
2017-12-30;17;18;3; 
2017-07-01;3;3;2; 
2017-07-07;18;26;6; 
2017-07-08;23;21;5; 
2017-07-09;25;19;6; 
2017-07-10;30;32;7; 
2017-07-11;31;37;18; 
2017-07-12;39;33;8; 
2017-07-13;42;30;8; 
2017-07-14;49;20;5; 
2017-07-15;49;7;3; 
2017-07-16;34;9;4; 
2017-07-17;28;12;4; 
2017-07-18;27;31;7; 
2017-07-19;32;14;5; 
2017-07-20;25;18;6; 
2017-07-21;23;15;4; 
2017-07-22;26;21;7; 
2017-07-23;24;33;9; 
2017-07-24;28;42;17; 
2017-07-25;42;35;12; 
2017-07-26;44;29;7; 
2017-07-27;40;31;16; 
2017-07-28;44;24;21; 
2017-07-29;32;23;24; 
2017-07-30;29;21;24; 
2017-07-31;27;27;24; 
2017-08-01;27;20;24; 
2017-08-02;24;34;26; 
2017-08-03;28;43;39; 
2017-08-04;39;44;40; 
2017-08-05;47;40;39; 
2017-08-07;51;32;25; 
2017-08-08;42;24;26; 
2017-08-09;32;12;20; 
2017-08-10;29;8;19; 
2017-08-11;31;4;19; 
2017-08-12;24;4;20; 
2017-08-13;23;11;21; 
2017-08-14;29;18;22; 
2017-08-15;36;25;21; 
2017-08-16;45;12;21; 
2017-08-17;48;12;22; 
2017-08-18;51;14;23; 
2017-08-19;51;5;21; 
2017-08-20;48;8;24; 
2017-08-21;33;11;24; 
2017-08-22;30;17;25; 
2017-08-23;27;16;24; 
2017-08-24;25;12;25; 
2017-08-25;27;9;26; 
2017-08-26;26;5;27; 
2017-08-27;31;14;27; 
2017-08-28;28;18;12; 
2017-08-29;16;14;2; 
2017-08-30;19;19;3; 
2017-08-31;24;8;2; 
2017-09-01;21;5;2; 
2017-09-02;28;8;3; 
2017-09-03;25;17;4; 
2017-09-04;25;6;2; 
2017-09-05;23;3;2; 
2017-09-06;28; ; ; 
2017-09-10;27;25;7; 
2017-09-11;29;31;7; 
2017-09-12;35;9;2; 
2017-09-13;32;24;4; 
2017-09-14;31;16;5; 
2017-09-15;28;16;9; 
2017-09-16;28;21;11; 
2017-09-17;24;20;10; 
2017-09-18;22;18;9; 
2017-09-19;23;19;11; 
2017-09-20;34;24;13; 
2017-09-21;36;10;9; 
2017-09-22;30;5;8; 
2017-09-23;25;10;8; 
2017-09-24;26;22;12; 
2017-09-25;33;24;14; 
2017-09-26;22;10;8; 
2017-09-27;3;9;6; 
2017-04-01;24;23;8; 
2017-04-02;17;16;3; 
2017-04-03;21;11;2; 
2017-04-04;20;17;4; 
2017-04-05;15;9;2; 
2017-04-06;22;12;1; 
2017-04-07;27;7;1; 
2017-04-08;29;6;2; 
2017-04-09;29;15;1; 
2017-04-10;31;20;4; 
2017-04-11;29;35;6; 
2017-04-12;27;24;3; 
2017-04-13;35;18;5; 
2017-04-14;36;18;4; 
2017-04-15;26;9;2; 
2017-04-16;24;13;3; 
2017-04-17;35;19;3; 
2017-04-18;41;10;1; 
2017-04-19;37;11; ; 
2017-04-20;40;18;1; 
2017-04-21;43;17;2; 
2017-04-22;39;15;2; 
2017-04-23;33;21;2; 
2017-04-24;32;20;5; 
2017-04-25;36;16;2; 
2017-04-26;40;25;5; 
2017-04-27;24;12;1; 
2017-04-28;22;6;1; 
2017-04-29;14;14;1; 
2017-04-30;20;22;7; 
2017-05-01;18;11;1; 
2017-05-02;21;11;2; 
2017-05-03;22;14;2; 
2017-05-04;27;21;2; 
2017-05-05;32;26;7; 
2017-05-06;22; ; ; 
2017-05-08;13;26;21; 
2017-05-09;25;20;6; 
2017-05-10;22;26;3; 
2017-05-11;21;28;2; 
2017-05-12;22;20;2; 
2017-05-13;20;17;3; 
2017-05-14;17;13;3; 
2017-05-15;20;11;3; 
2017-05-16;19;10;3; 
2017-05-17;19;27;5; 
2017-05-18;21;20;6; 
2017-05-19;26;7;1; 
2017-05-20;30;10;3; 
2017-05-21;24;25;5; 
2017-05-22;29;21;48; 
2017-05-23;30;8;1; 
2017-05-24;30;13;1; 
2017-05-25;30;40;5; 
2017-05-26;32;17;2; 
2017-05-27;33;22;9; 
2017-05-28;32;20;3; 
2017-05-29;26;27;4; 
2017-05-30;21;8;1; 
2017-05-31;26;9;1; 
2017-06-01;28;14;2; 
2017-06-02;32;26;2; 
2017-06-03;35;22;3; 
2017-06-04;30;32;4; 
2017-06-05;30;24;7; 
2017-06-06;31;20;2; 
2017-06-07;25;11;2; 
2017-06-08;33;30;6; 
2017-06-09;34;13;2; 
2017-06-10;46;5;2; 
2017-06-11;31;12;4; 
2017-06-12;19;13;2; 
2017-06-13;21;27;5; 
2017-06-14;33;20;3; 
2017-06-15;40;9;3; 
2017-06-16;41;9;2; 
2017-06-17;24;18;3; 
2017-06-18;19;5;2; 
2017-06-19;30;9;11; 
2017-06-21;49;32;12; 
2017-06-22;47;43;10; 
2017-06-23;43;35;11; 
2017-06-24;43;20;9; 
2017-06-25;31;32;8; 
2017-06-26;34;18;3; 
2017-06-27;28;15;3; 
2017-06-28;19;15;3; 
2017-06-29;16;17;3; 
2017-06-30;16;16;5; 
2017-01-02;15;26;4; 
2017-01-03;26;25;3; 
2017-01-04;49;24;5; 
2017-01-05;47;15;2; 
2017-01-06;33;11;1; 
2017-01-07;30;11;2; 
2017-01-08;22;29;10; 
2017-01-09;27;18;3; 
2017-01-10;32;19;3; 
2017-01-11;28;19;2; 
2017-01-12;24;15;2; 
2017-01-13;26;18;4; 
2017-01-14;24;11;1; 
2017-01-15;15;31;14; 
2017-01-16;22;25;5; 
2017-01-17;26;13;3; 
2017-01-18;18;17;2; 
2017-01-19;11;18;3; 
2017-01-20;18;19;3; 
2017-01-21;18;15;3; 
2017-01-22;19;23;3; 
2017-01-23;20;21;3; 
2017-01-24;27;17;2; 
2017-01-25;24;14;26; 
2017-01-27;15;15;2; 
2017-01-28;16;24;4; 
2017-01-29;19;26;4; 
2017-01-30;24;25;5; 
2017-01-31;34;23;4; 
2017-02-02;21;20;2; 
2017-02-03;23;11;2; 
2017-02-04;30;9;2; 
2017-02-05;26;20;4; 
2017-02-06;24;23;4; 
2017-02-07;21;24;4; 
2017-02-08;20;23;3; 
2017-02-09;23;22;3; 
2017-02-10;22; ; ; 
2017-02-12;14;27;5; 
2017-02-13;18;20;2; 
2017-02-14;20;11;1; 
2017-02-15;25;10;1; 
2017-02-16;30;14;1; 
2017-02-17;36;15;3; 
2017-02-18;32;16;2; 
2017-02-19;23;17;3; 
2017-02-20;27;17;2; 
2017-02-21;39;20;3; 
2017-02-22;50;22;3; 
2017-02-23;52;19;2; 
2017-02-24;44;14;2; 
2017-02-25;66;18;4; 
2017-02-26;70;18;3; 
2017-02-27;64;17;2; 
2017-02-28;28;25;6; 
2017-03-01;19;25;4; 
2017-03-02;28;11;2; 
2017-03-03;28;23;3; 
2017-03-04;16;13;5; 
2017-03-05;13;13;3; 
2017-03-06;14; ; ; 
2017-03-08;23;10;2; 
2017-03-09;17;39;13; 
2017-03-10;29;35;6; 
2017-03-11;40; ; ; 
2017-03-13;16;12;3; 
2017-03-14;10;14;1; 
2017-03-15;36;15;2; 
2017-03-16;41;16;1; 
2017-03-17;36;16;1; 
2017-03-18;42;22;5; 
2017-03-19;36;27;3; 
2017-03-20;33;12;2; 
2017-03-21;27;12;3; 
2017-03-22;16;12;2; 
2017-03-23;16;22;3; 
2017-03-24;10;19;2; 
2017-03-25;9;19;2; 
2017-03-26;11;24;2; 
2017-03-27;16;34;6; 
2017-03-28;27;13;2; 
2017-03-29;27;12;1; 
2017-03-30;23;26;6; 
2017-03-31;29;13;2; 
2016-10-01;30;21;7; 
2016-10-02;35;21;2; 
2016-10-03;39;10;3; 
2016-10-04;34;12;2; 
2016-10-05;32;18;5; 
2016-10-06;39;26;5; 
2016-10-07;46;28;7; 
2016-10-08;54;20;3; 
2016-10-09;34;28;6; 
2016-10-10;25;17;2; 
2016-10-11;28;26;4; 
2016-10-12;21;24;3; 
2016-10-13;18;23;8; 
2016-10-16;20; ; ; 
2016-10-18;41;15;1; 
2016-10-19;40;16;1; 
2016-10-20;46;11; ; 
2016-10-21;31;18;2; 
2016-10-22;31;18;1; 
2016-10-23;19;20;1; 
2016-10-24;17;21;2; 
2016-10-25;34;10;1; 
2016-10-26;80;6;1; 
2016-10-27;73;8;1; 
2016-10-28;52;7;1; 
2016-10-29;31;6;1; 
2016-10-30;22;14; ; 
2016-10-31;21;19;1; 
2016-11-01;24;20;1; 
2016-11-02;27;24;3; 
2016-11-03;36;31;2; 
2016-11-04;44;18;1; 
2016-11-05;29;13;1; 
2016-11-06;19;14;1; 
2016-11-07;14;18;3; 
2016-11-08;16;19;2; 
2016-11-09;15;13;1; 
2016-11-10;16;27;7; 
2016-11-11;22;27;9; 
2016-11-12;29;17;2; 
2016-11-13;28;18;3; 
2016-11-14;26;13;2; 
2016-11-15;28;14;2; 
2016-11-16;27;13;2; 
2016-11-17;26;27;8; 
2016-11-18;28;15;2; 
2016-11-19;25;24;11; 
2016-11-20;19;27;10; 
2016-11-21;21;22;4; 
2016-11-22;13;17;1; 
2016-11-23;13;23;2; 
2016-11-24;11;20;2; 
2016-11-25;11; ; ; 
2016-11-27;7;21;2; 
2016-11-28;11;19;6; 
2016-11-29;20;14;2; 
2016-11-30;27;18;2; 
2016-12-01;31;19;1; 
2016-12-02;28;22;2; 
2016-12-03;13;5;1; 
2016-12-04;11;13;1; 
2016-12-05;9;16;2; 
2016-12-06;22;15;2; 
2016-12-07;25;17;2; 
2016-12-08;27;15;1; 
2016-12-09;29;10;2; 
2016-12-10;23;13;1; 
2016-12-11;19;15;3; 
2016-12-12;23;22;2; 
2016-12-13;29;21;2; 
2016-12-14;28;19;2; 
2016-12-15;19;21;2; 
2016-12-16;18;11;1; 
2016-12-17;14;2;1; 
2016-12-18;10;17;2; 
2016-12-19;18;19;3; 
2016-12-20;17;23;6; 
2016-12-21;22;15;1; 
2016-12-22;23;14;3; 
2016-12-23;19;7;1; 
2016-12-24;21;5;1; 
2016-12-25;21; ; ; 
2016-12-28;17;10;2; 
2016-12-29;24;10;1; 
2016-12-30;24;13;1; 
2016-12-31;18;14;2; 
2017-01-01;15;15;2; 
2016-07-01;27;23;3; 
2016-07-02;18;14;1; 
2016-07-03;27;27;3; 
2016-07-04;37;23;6; 
2016-07-05;43;17;5; 
2016-07-06;38;22;4; 
2016-07-07;25;21;3; 
2016-07-08;27;22;2; 
2016-07-09;32;9;2; 
2016-07-10;25;28;4; 
2016-07-11;29;37;3; 
2016-07-12;35;17;1; 
2016-07-13;31;10;2; 
2016-07-14;31;8;1; 
2016-07-15;28;7;1; 
2016-07-16;30;6; ; 
2016-07-17;24;8; ; 
2016-07-18;19;12;1; 
2016-07-19;6;16;1; 
2016-07-20;1;29;2; 
2016-07-22;29;6;1; 
2016-07-23;29;9;1; 
2016-07-24;37;14;1; 
2016-07-25;33;16;1; 
2016-07-26;30;23;2; 
2016-07-27;35;21;1; 
2016-07-28;43;14;1; 
2016-07-29;36;16;1; 
2016-07-30;38;21;1; 
2016-07-31;31;25;2; 
2016-08-01;33;9;6; 
2016-08-02;45;1;1; 
2016-08-03;42;25;2; 
2016-08-04;44;22;2; 
2016-08-05;36;5;1; 
2016-08-06;38;5;1; 
2016-08-07;32;10;2; 
2016-08-08;34;11;1; 
2016-08-09;30;12; ; 
2016-08-10;23;10;1; 
2016-08-11;39;9;1; 
2016-08-12;45;6;2; 
2016-08-13;43;6;3; 
2016-08-14;45;15;1; 
2016-08-15;43;15;8; 
2016-08-16;35;25;2; 
2016-08-17;46;19;1; 
2016-08-18;45;25;2; 
2016-08-19;30;18;2; 
2016-08-20;34;9;2; 
2016-08-21;33;7;2; 
2016-08-22;46;9;2; 
2016-08-23;38;8;2; 
2016-08-24;35;7;2; 
2016-08-25;30;9;1; 
2016-08-26;24;8;1; 
2016-08-27;20;24;3; 
2016-08-28;27;27;6; 
2016-08-29;34;9;6; 
2016-08-30;30;19;7; 
2016-08-31;40;12;1; 
2016-09-01;35;12;1; 
2016-09-02;30;8;1; 
2016-09-03;29; ; ; 
2016-09-05;30;44;15; 
2016-09-06;40;31;8; 
2016-09-07;50;29;5; 
2016-09-08;44;25;3; 
2016-09-09;33;24;8; 
2016-09-10;27;8;3; 
2016-09-11;25;10;1; 
2016-09-12;29;20;3; 
2016-09-13;27;14;3; 
2016-09-14;17;22;4; 
2016-09-15;18;27;12; 
2016-09-16;25;8;2; 
2016-09-17;22;28;5; 
2016-09-18;17;22;6; 
2016-09-19;22;31;5; 
2016-09-20;32;23;3; 
2016-09-21;31;20;3; 
2016-09-22;30;26;7; 
2016-09-23;29;11;2; 
2016-09-24;30;10;2; 
2016-09-25;26;11;2; 
2016-09-26;28;10;2; 
2016-09-27;23;9;1; 
2016-09-28;23;12;1; 
2016-09-29;30;12;1; 
2016-09-30;38;34;5; 
2016-04-01;6;16;4; 
2016-04-02;10;21;6; 
2016-04-03;19;33;3; 
2016-04-04;13;12;2; 
2016-04-05;11;26;7; 
2016-04-06;15;28;6; 
2016-04-07;18;24;4; 
2016-04-08;20;28;4; 
2016-04-09;10;16;2; 
2016-04-10;9;26;2; 
2016-04-11;6;26;3; 
2016-04-12;10;27;8; 
2016-04-13;14;29;9; 
2016-04-14;15;17;3; 
2016-04-15;16;20;2; 
2016-04-16;14;22;2; 
2016-04-17;11;17;2; 
2016-04-18;11;7;1; 
2016-04-19;18;13;1; 
2016-04-20;18;28;5; 
2016-04-21;17;23;4; 
2016-04-22;21;17;5; 
2016-04-23;15;11;5; 
2016-04-24;9;13;2; 
2016-04-25;13;11;3; 
2016-04-26;18;26;4; 
2016-04-27;19;20;5; 
2016-04-28;18;13;2; 
2016-04-29;20;5;1; 
2016-04-30;28;6;1; 
2016-05-01;19;6;2; 
2016-05-02;18;10;1; 
2016-05-03;19;11;1; 
2016-05-04;18;10;1; 
2016-05-05;22;19;1; 
2016-05-06;21;17;2; 
2016-05-07;15;7;1; 
2016-05-08;12;22;1; 
2016-05-09;7;22;1; 
2016-05-10;14;24;2; 
2016-05-11;10;21;2; 
2016-05-12;10;13;3; 
2016-05-13;11;14;2; 
2016-05-14;11;23;3; 
2016-05-15;10;25;4; 
2016-05-16;16;15;5; 
2016-05-17;17;18;3; 
2016-05-18;17;17;3; 
2016-05-19;23;13;2; 
2016-05-20;23;9;2; 
2016-05-21;28;19;2; 
2016-05-22;27;11;1; 
2016-05-23;20;17;3; 
2016-05-24;31;17;2; 
2016-05-25;23;19;2; 
2016-05-27;19; ; ; 
2016-05-30;15;26;5; 
2016-05-31;20;19;3; 
2016-06-01;18;24;7; 
2016-06-02;17;20;2; 
2016-06-03;25;13;2; 
2016-06-04;21;19;5; 
2016-06-05;15;19;3; 
2016-06-06;25;22;4; 
2016-06-07;37;18;1; 
2016-06-08;30;29;3; 
2016-06-09;34;22;2; 
2016-06-10;37;25;2; 
2016-06-11;24;22;7; 
2016-06-12;24;22;4; 
2016-06-13;26;20;2; 
2016-06-14;25;11;1; 
2016-06-15;23;12;2; 
2016-06-16;22;19;6; 
2016-06-17;27;26;5; 
2016-06-18;31;11;1; 
2016-06-19;32;15;3; 
2016-06-20;35;7;2; 
2016-06-21;32;11;1; 
2016-06-23;21;31;4; 
2016-06-24;24;21;6; 
2016-06-25;25;20;2; 
2016-06-26;19;14;2; 
2016-06-27;25;15;3; 
2016-06-28;30;23;2; 
2016-06-29;35;30;2; 
2016-06-30;44;12;1; 
2016-01-04;12;10;8; 
2016-01-05;16;15;2; 
2016-01-06;18;18;2; 
2016-01-07;24;27;5; 
2016-01-08;23;14;2; 
2016-01-09;30;16;2; 
2016-01-10;14;20;2; 
2016-01-11;11;18;3; 
2016-01-12;15;13;1; 
2016-01-13;17;17;3; 
2016-01-16;20;12;1; 
2016-01-17;18;18;2; 
2016-01-18;19;20;3; 
2016-01-19;22;25;3; 
2016-01-20;25;24;4; 
2016-01-21;32;14;2; 
2016-01-22;37;8;1; 
2016-01-23;26;12;2; 
2016-01-24;27;12;1; 
2016-01-25;28;21;4; 
2016-01-26;32;22;8; 
2016-01-27;29;21;1; 
2016-01-28;30;24;2; 
2016-01-29;35;26;6; 
2016-01-30;26;26;4; 
2016-01-31;25;32;4; 
2016-02-01;31;24;6; 
2016-02-02;39;18;3; 
2016-02-03;35;13;1; 
2016-02-04;25;13;1; 
2016-02-05;26;14;2; 
2016-02-06;35;11;1; 
2016-02-07;27;17;2; 
2016-02-08;29;16;4; 
2016-02-09;28;16;2; 
2016-02-10;20;16;1; 
2016-02-11;16;14;2; 
2016-02-12;18; ; ; 
2016-02-15;20;17;3; 
2016-02-16;18;25;6; 
2016-02-17;23;16;2; 
2016-02-18;22;14;1; 
2016-02-19;18;7;1; 
2016-02-20;31;9;1; 
2016-02-21;62;15;2; 
2016-02-22;109;18;3; 
2016-02-23;90;15;2; 
2016-02-24;55;16;2; 
2016-02-25;29;18;2; 
2016-02-26;20;7;1; 
2016-02-27;17;8;2; 
2016-02-28;13;17;4; 
2016-02-29;19;18;4; 
2016-03-01;24;21;3; 
2016-03-02;25;15;2; 
2016-03-03;25;19;3; 
2016-03-04;26;10;2; 
2016-03-05;22;11;2; 
2016-03-06;18;18;2; 
2016-03-07;15;26;4; 
2016-03-08;23;28;6; 
2016-03-09;26;14;2; 
2016-03-10;19;33;10; 
2016-03-11;21;21;4; 
2016-03-12;13;20;2; 
2016-03-13;13;23;3; 
2016-03-14;16;23;2; 
2016-03-15;31;20;4; 
2016-03-16;16;18;5; 
2016-03-17;14;25;5; 
2016-03-18;19;18;2; 
2016-03-19;17;18;2; 
2016-03-20;9;25;2; 
2016-03-21;8;17;1; 
2016-03-22;6;12;1; 
2016-03-23;9;18;1; 
2016-03-24;13;17; ; 
2016-03-25;17;11;1; 
2016-03-26;19;16;1; 
2016-03-27;9;14;1; 
2016-03-28;11;26;10; 
2016-03-29;17;27;5; 
2016-03-30;24;13;2; 
2016-03-31;16;23;4; 
2015-10-01;36;29;1; 
2015-10-02;40;37;2; 
2015-10-03;40;31;2; 
2015-10-04;37;29;4; 
2015-10-05;45;23;1; 
2015-10-06;45;26;2; 
2015-10-07;36;28;3; 
2015-10-08;33;27;5; 
2015-10-09;32;13;1; 
2015-10-10;23;23;1; 
2015-10-11;23;22;2; 
2015-10-12;19;27;2; 
2015-10-13;25;20;4; 
2015-10-14;29;24;2; 
2015-10-15;37;16;1; 
2015-10-16;35;5; ; 
2015-10-17;30;7;1; 
2015-10-18;27;12;1; 
2015-10-19;21;11;1; 
2015-10-20;17;22;2; 
2015-10-21;23;16;1; 
2015-10-22;34;12;1; 
2015-10-23;28;7;1; 
2015-10-24;23;11;1; 
2015-10-25;22;21;2; 
2015-10-26;22;20;4; 
2015-10-27;24;24;2; 
2015-10-28;28;23;3; 
2015-10-29;31;17;1; 
2015-10-30;30;11;1; 
2015-10-31;28;14;2; 
2015-11-01;29;18;1; 
2015-11-02;25; ; ; 
2015-11-07;31;7;1; 
2015-11-08;30;12;1; 
2015-11-09;37;11;2; 
2015-11-10;38;14;2; 
2015-11-11;39;17;1; 
2015-11-12;38;15;1; 
2015-11-13;35;7; ; 
2015-11-14;30;8;1; 
2015-11-15;24;21;4; 
2015-11-16;32;33;5; 
2015-11-17;47;21;1; 
2015-11-18;54;13;1; 
2015-11-19;39;28;9; 
2015-11-20;38;13;2; 
2015-11-21;38;17;7; 
2015-11-22;20;28;6; 
2015-11-23;12;29;5; 
2015-11-24;15;24;4; 
2015-11-27;28;27;2; 
2015-11-28;34;8;1; 
2015-11-29;31;12; ; 
2015-11-30;26;20;2; 
2015-12-01;28;23;2; 
2015-12-02;35;12;1; 
2015-12-03;40;12;1; 
2015-12-04;39;11;1; 
2015-12-05;40;18;2; 
2015-12-06;30;31;2; 
2015-12-07;32;14;1; 
2015-12-08;36;10;1; 
2015-12-09;37;16;1; 
2015-12-10;39;20;1; 
2015-12-11;39;16;1; 
2015-12-12;35;9;1; 
2015-12-13;30;13;2; 
2015-12-14;36;25;4; 
2015-12-15;47;25;3; 
2015-12-16;52;34;9; 
2015-12-17;52;31;4; 
2015-12-18;56;27;5; 
2015-12-19;54;27;5; 
2015-12-20;51;15;1; 
2015-12-21;46;12;3; 
2015-12-22;44;18;2; 
2015-12-23;41;19;2; 
2015-12-24;41;15;1; 
2015-12-25;40;11;1; 
2015-12-26;36;15;1; 
2015-12-27;34;15;1; 
2015-12-28;39;20;1; 
2015-12-29;37;21;3; 
2015-12-30;27; ; ; 
2016-01-03;13;12;2; 
2015-07-02;32;26;1; 
2015-07-03;38;8;1; 
2015-07-04;51;13;1; 
2015-07-05;45;13;1; 
2015-07-06;51;26;2; 
2015-07-07;48;26;5; 
2015-07-08;51;44;9; 
2015-07-09;50;34;4; 
2015-07-10;51;30;2; 
2015-07-11;42;18;2; 
2015-07-12;40;19;1; 
2015-07-13;50;32;5; 
2015-07-14;55;22;2; 
2015-07-15;57;21;1; 
2015-07-16;53;17;1; 
2015-07-17;44;18;1; 
2015-07-18;44;20;1; 
2015-07-19;45;24;2; 
2015-07-20;43;30;3; 
2015-07-21;50;32;10; 
2015-07-22;50;30;5; 
2015-07-23;42;28;3; 
2015-07-24;43;33;4; 
2015-07-25;35;21;3; 
2015-07-26;32;21;3; 
2015-07-27;43;33;4; 
2015-07-28;43;38;4; 
2015-07-29;49;33;4; 
2015-08-19;33;27;3; 
2015-08-20;41;19;2; 
2015-08-21;38;15;1; 
2015-08-22;41;26;2; 
2015-08-23;28;14;1; 
2015-08-24;22;21;1; 
2015-08-25;28;31;5; 
2015-08-26;31;22;5; 
2015-08-27;20;33;2; 
2015-09-10;32;36;1; 
2015-09-11;32;30;3; 
2015-09-24;36;22;1; 
2015-09-25;41;20;1; 
2015-09-26;37;24;2; 
2015-09-27;32;15;1; 
2015-09-28;30;10;1; 
2015-09-29;32;10;1; 
2015-09-30;33;23;1; 
2015-04-01;47;9;2; 
2015-04-02;42;6;2; 
2015-04-03;38;7;3; 
2015-04-04;34; ; ; 
2015-04-06;33;19;1; 
2015-04-07;41;15;1; 
2015-04-08;48;18;2; 
2015-04-09;50;9;1; 
2015-04-10;52;5;1; 
2015-04-11;52;7;1; 
2015-04-12;37;15;3; 
2015-04-13;55;16;2; 
2015-04-14;62;29;7; 
2015-04-15;62;44;5; 
2015-04-16;46;50;6; 
2015-04-17;33;51;9; 
2015-04-18;40;39;8; 
2015-04-19;32;29;8; 
2015-04-20;31; ; ; 
2015-04-23;48;44;1; 
2015-04-24;49;28;1; 
2015-04-25;34;35;2; 
2015-04-26;22;26;1; 
2015-04-27;26;19;1; 
2015-04-28;29;22;1; 
2015-04-29;31;22;1; 
2015-04-30;29;26;2; 
2015-05-01;35;28;1; 
2015-05-02;34;27;2; 
2015-05-03;38;21;2; 
2015-05-04;34;21;1; 
2015-05-05;30;21; ; 
2015-05-06;30;22;1; 
2015-05-07;31;20;1; 
2015-05-08;35;14;2; 
2015-05-09;34;14;1; 
2015-05-10;36;17;1; 
2015-05-11;37;19;1; 
2015-05-12;38;29;1; 
2015-05-13;45;29;2; 
2015-05-14;49;21;1; 
2015-05-15;43;16;1; 
2015-05-16;42;12;1; 
2015-05-17;37;15;1; 
2015-05-18;29;19;1; 
2015-05-19;40;16;1; 
2015-05-20;45;13;1; 
2015-05-21;43;19;1; 
2015-05-22;35;15;1; 
2015-05-23;32;16;1; 
2015-05-24;28;18; ; 
2015-05-25;24;19;2; 
2015-05-26;26;21;1; 
2015-05-27;34;16;1; 
2015-05-28;33;17;1; 
2015-05-29;41;24;1; 
2015-05-30;43;19;1; 
2015-05-31;50;2;2; 
2015-06-04;9;12;1; 
2015-06-05;18;7; ; 
2015-06-06;39;5; ; 
2015-06-07;32;9;1; 
2015-06-08;28;33;9; 
2015-06-09;35;25;2; 
2015-06-10;51;22;1; 
2015-06-11;48;19;4; 
2015-06-12;29;20;2; 
2015-06-13;26; ; ; 
2015-06-16;28;26;3; 
2015-06-17;31;11;1; 
2015-06-18;25;17;1; 
2015-06-19;30; ; ; 
2015-06-24;37;13;1; 
2015-06-25;39;16;1; 
2015-06-26;37;21;2; 
2015-06-27;29;37;5; 
2015-06-28;26;28;7; 
2015-06-29;38;31;4; 
2015-06-30;46;23;6; 
2015-01-01;49; ;2; 
2015-01-02;32;5;2; 
2015-01-03;24; ;10; 
2015-01-04;30;13;10; 
2015-01-05;38;25;8; 
2015-01-06;43;29;12; 
2015-01-07;48;17;2; 
2015-01-08;46;19;1; 
2015-01-09;38;13;5; 
2015-01-10;32; ;10; 
2015-01-11;39;12;3; 
2015-01-12;41;12;4; 
2015-01-13;39;18;10; 
2015-01-14;50;11;9; 
2015-01-15;54; ;4; 
2015-01-16;51; ;14; 
2015-01-17;24; ;8; 
2015-01-18;21;11;7; 
2015-01-19;16;29;12; 
2015-01-20;21;31;11; 
2015-01-21;20;24;12; 
2015-01-22;22;31;7; 
2015-01-23;28; ;9; 
2015-01-24;28; ;18; 
2015-01-25;30;36;8; 
2015-01-26;33;31;8; 
2015-01-27;49;38;7; 
2015-01-28;44;21;5; 
2015-01-29;33;15;2; 
2015-01-30;22;6;3; 
2015-01-31;16;8;6; 
2015-02-01;19; ;9; 
2015-02-02;21;7;9; 
2015-02-03;21;8;5; 
2015-02-04;21;15;7; 
2015-02-05;20;36;10; 
2015-02-06;22;23;5; 
2015-02-07;24;1;2; 
2015-02-08;17;6;2; 
2015-02-09;22; ;1; 
2015-02-10;39; ;3; 
2015-02-11;49;9;2; 
2015-02-12;48;27;6; 
2015-02-13;41; ;3; 
2015-02-14;37;15;24; 
2015-02-15;21;27;10; 
2015-02-16;25;18;3; 
2015-02-17;22;5;3; 
2015-02-18;26;14; ; 
2015-02-19;37;25;4; 
2015-02-20;51; ;7; 
2015-02-21;34; ;22; 
2015-02-22;26;11;6; 
2015-02-23;27;13;6; 
2015-02-24;25;11;10; 
2015-02-25;27;4;11; 
2015-02-26;27;9;6; 
2015-02-27;30;7;7; 
2015-02-28;26;4;5; 
2015-03-01;28;9;9; 
2015-03-02;29;8;10; 
2015-03-03;35;7;5; 
2015-03-04;27;7;2; 
2015-03-05;39;9;1; 
2015-03-06;38;6;2; 
2015-03-07;45;10;5; 
2015-03-08;31;12;3; 
2015-03-09;29;13;5; 
2015-03-10;34;27;9; 
2015-03-11;44;11;10; 
2015-03-12;47;6;6; 
2015-03-13;52;13;6; 
2015-03-14;67;6;2; 
2015-03-15;57;6;8; 
2015-03-16;44;13;2; 
2015-03-17;30;14;6; 
2015-03-18;21;13;3; 
2015-03-19;28;26;6; 
2015-03-20;25;13;2; 
2015-03-21;22;49;4; 
2015-03-22;21;30;3; 
2015-03-23;28;49;4; 
2015-03-24;33;16;5; 
2015-03-25;25;59;7; 
2015-03-26;25;22;7; 
2015-03-27;31;18;8; 
2015-03-28;29;24;9; 
2015-03-29;31;18;9; 
2015-03-30;30;47;17; 
2015-03-31;39;10;10; 
2014-10-01;38;19;1; 
2014-10-02;43;25;1; 
2014-10-03;39;21;1; 
2014-10-04;33;10;1; 
2014-10-05;30;21;7; 
2014-10-06;33;140;5; 
2014-10-07;32;33; ; 
2014-10-10;28; ; ; 
2014-10-12;34;26;8; 
2014-10-13;35;23;9; 
2014-10-14;34;31;8; 
2014-10-15;36;34;13; 
2014-10-16;46;28;6; 
2014-10-17;47;22;3; 
2014-10-18;39;13;2; 
2014-10-19;41;19;2; 
2014-10-20;59;42;16; 
2014-10-21;68;44;13; 
2014-10-22;72;14;1; 
2014-10-23;64;27;5; 
2014-10-24;53; ; ; 
2014-10-27;46;14;2; 
2014-10-28;49;12;1; 
2014-10-29;41;15;1; 
2014-10-30;39;12;1; 
2014-10-31;41;9;1; 
2014-11-01;35;10;2; 
2014-11-02;30;27;7; 
2014-11-03;33;15;3; 
2014-11-04;37;22;9; 
2014-11-05;23;24;8; 
2014-11-06;31;23;7; 
2014-11-07;31;19;6; 
2014-11-08;27;16;6; 
2014-11-09;22;27;7; 
2014-11-10;29;25;5; 
2014-11-11;31;28;8; 
2014-11-12;35;24;5; 
2014-11-13;32;23;6; 
2014-11-14;34;21;20; 
2014-11-15;26;24;19; 
2014-11-16;32;23;18; 
2014-11-17;30;29;11; 
2014-11-18;52;18;2; 
2014-11-19;52;13;2; 
2014-11-20;41;7;1; 
2014-11-21;52;6;2; 
2014-11-22;58;10;4; 
2014-11-23;124;22;6; 
2014-11-24;67;23;14; 
2014-11-25;34;23;4; 
2014-11-26;31;33;6; 
2014-11-27;27;25;6; 
2014-11-28;23;20;5; 
2014-11-29;26;23;8; 
2014-11-30;24;22;5; 
2014-12-01;25;24;13; 
2014-12-02;34;33;10; 
2014-12-03;33;23;8; 
2014-12-04;33;23;10; 
2014-12-05;31;29;9; 
2014-12-06;31; ; ; 
2014-12-08;31;29;9; 
2014-12-09;35;34;6; 
2014-12-10;34;34;3; 
2014-12-11;38;43;7; 
2014-12-12;47;33;6; 
2014-12-13;81;31;3; 
2014-12-14;49;28;5; 
2014-12-15;19; ;6; 
2014-12-16;25; ;16; 
2014-12-17;29; ;6; 
2014-12-18;34; ;4; 
2014-12-19;39; ;5; 
2014-12-20;30; ;2; 
2014-12-21;33; ;2; 
2014-12-22;31;17;2; 
2014-12-23;36;10;2; 
2014-12-24;33; ;9; 
2014-12-25;37; ;11; 
2014-12-26;36;1;18; 
2014-12-27;39; ;9; 
2014-12-28;30; ; ; 
2014-07-01;30;22;9; 
2014-07-02;26;17;5; 
2014-07-03;31;28;8; 
2014-07-05;39;33;7; 
2014-07-06;35;20;8; 
2014-07-07;24;24;7; 
2014-07-08;31;19;2; 
2014-07-09;36;14;2; 
2014-07-10;35;36;15; 
2014-07-12;42;31;9; 
2014-07-13;40;36;12; 
2014-07-14;44;22;4; 
2014-07-15;48;14;1; 
2014-07-16;39;20;3; 
2014-07-17;39;30;7; 
2014-07-18;42;15;12; 
2014-07-19;32;20;8; 
2014-07-20;26;25;12; 
2014-07-21;33;28;8; 
2014-07-22;40;37;12; 
2014-07-23;44;27;8; 
2014-07-24;43;24;9; 
2014-07-25;39;28;8; 
2014-07-26;40;21;10; 
2014-07-27;44;36;16; 
2014-07-28;41;27;14; 
2014-07-29;40;30;8; 
2014-07-30;44;27;10; 
2014-07-31;48;22;11; 
2014-08-01;37; ; ; 
2014-08-04;30;30;12; 
2014-08-05;32;42;12; 
2014-08-06;38;29;5; 
2014-08-07;35;36;6; 
2014-08-08;42;25;4; 
2014-08-09;40;18;5; 
2014-08-10;28;25;6; 
2014-08-11;26;25;6; 
2014-08-12;31;31;11; 
2014-08-13;36;35;11; 
2014-08-14;37;24;2; 
2014-08-15;44;19;3; 
2014-08-16;39;8; ; 
2014-08-17;35;18;1; 
2014-08-18;37;27;2; 
2014-08-19;43;31;5; 
2014-08-20;36;27;5; 
2014-08-21;37;26;7; 
2014-08-22;31;27;4; 
2014-08-23;29;13;1; 
2014-08-24;36;16;2; 
2014-08-25;35;34;4; 
2014-08-26;41;29;5; 
2014-08-27;44;38;13; 
2014-08-28;49;39;15; 
2014-08-29;50;35;7; 
2014-08-30;42;13;5; 
2014-08-31;41;16;1; 
2014-09-01;34;23;11; 
2014-09-02;41;26;5; 
2014-09-03;46;43;8; 
2014-09-04;33;30;9; 
2014-09-05;30;23;3; 
2014-09-06;25;17;9; 
2014-09-07;20;25;6; 
2014-09-08;22;32;3; 
2014-09-09;24; ; ; 
2014-09-11;30;29;8; 
2014-09-12;28;26;8; 
2014-09-13;25;26;9; 
2014-09-14;24;31;8; 
2014-09-15;23;21;10; 
2014-09-16;31;29;2; 
2014-09-17;42;25;2; 
2014-09-18;34;24;10; 
2014-09-19;31;20;5; 
2014-09-20;30;19;9; 
2014-09-21;31;22;6; 
2014-09-22;38;33;7; 
2014-09-23;31;31;10; 
2014-09-24;30;30;6; 
2014-09-25;33;27;2; 
2014-09-26;35;15;1; 
2014-09-27;28;29;7; 
2014-09-28;35;24;6; 
2014-09-29;45;21;2; 
2014-09-30;45;21;1; 
2014-06-23;31;22;15; 
2014-06-24;29;24;5; 
2014-06-25;27;26;7; 
2014-06-26;38;29;10; 
2014-06-27;39;30;13; 
2014-06-28;42;31;12; 
2014-06-29;31;24;9; 
2014-06-30;33;32;13; 
2021-11-01; ;8; ; 
2021-11-02; ;11; ; 
2021-11-03; ;8; ; 
2021-11-04; ;13; ; 
2021-11-05; ;15; ; 
2021-11-06; ;11; ; 
2021-11-07; ;15; ; 
2021-11-08; ;21; ; 
2021-11-09; ;13; ; 
2021-11-10; ;17; ; 
2021-11-11; ;16; ; 
2021-11-12; ;15; ; 
2021-11-13; ;4; ; 
2021-11-14; ;6; ; 
2021-11-15; ;16; ; 
2021-11-16; ;9; ; 
2021-11-17; ;6; ; 
2021-11-18; ;4; ; 
2021-11-19; ;4; ; 
2021-11-20; ;5; ; 
2021-11-21; ;11; ; 
2021-11-22; ;12; ; 
2021-10-01; ;5; ; 
2021-10-02; ;16; ; 
2021-10-03; ;8; ; 
2021-10-04; ;17; ; 
2021-10-05; ;25; ; 
2021-10-06; ;14; ; 
2021-10-07; ;7; ; 
2021-10-08; ;7; ; 
2021-10-09; ;3; ; 
2021-10-10; ;2; ; 
2021-10-11; ;6; ; 
2021-10-12; ;6; ; 
2021-10-13; ;10; ; 
2021-10-14; ;7; ; 
2021-10-15; ;8; ; 
2021-10-16; ;22; ; 
2021-10-17; ;19; ; 
2021-10-18; ;6; ; 
2021-10-19; ;7; ; 
2021-10-20; ;6; ; 
2021-10-21; ;15; ; 
2021-10-22; ;12; ; 
2021-10-23; ;2; ; 
2021-10-24; ;2; ; 
2021-10-25; ;5; ; 
2021-10-26; ;5; ; 
2021-10-27; ;6; ; 
2021-10-28; ;5; ; 
2021-10-29; ;9; ; 
2021-10-30; ;3; ; 
2021-10-31; ;4; ; 
2021-09-01; ;12; ; 
2021-09-02; ;7; ; 
2021-09-03; ;10; ; 
2021-09-04; ;10; ; 
2021-09-05; ;2; ; 
2021-09-06; ;4; ; 
2021-09-07; ;14; ; 
2021-09-08; ;8; ; 
2021-09-09; ;9; ; 
2021-09-10; ;11; ; 
2021-09-11; ;20; ; 
2021-09-12; ;15; ; 
2021-09-13; ;6; ; 
2021-09-14; ;9; ; 
2021-09-15; ;11; ; 
2021-09-16; ;12; ; 
2021-09-17; ;12; ; 
2021-09-18; ;11; ; 
2021-09-19; ;8; ; 
2021-09-20; ;9; ; 
2021-09-21; ;4; ; 
2021-09-22; ;4; ; 
2021-09-23; ;5; ; 
2021-09-24; ;17; ; 
2021-09-25; ;13; ; 
2021-09-26; ;7; ; 
2021-09-27; ;15; ; 
2021-08-01; ;9; ; 
2021-08-02; ;18; ; 
2021-08-03; ;15; ; 
2021-08-04; ;13; ; 
2021-08-05; ;9; ; 
2021-08-06; ;10; ; 
2021-08-07; ;12; ; 
2021-08-08; ;9; ; 
2021-08-09; ;8; ; 
2021-08-10; ;6; ; 
2021-08-11; ;20; ; 
2021-08-12; ;19; ; 
2021-08-13; ;19; ; 
2021-08-14; ;13; ; 
2021-08-15; ;16; ; 
2021-08-16; ;18; ; 
2021-08-17; ;7; ; 
2021-08-18; ;8; ; 
2021-08-19; ;10; ; 
2021-08-20; ;7; ; 
2021-08-21; ;6; ; 
2021-08-22; ;6; ; 
2021-08-23; ;3; ; 
2021-08-24; ;24; ; 
2021-08-25; ;12; ; 
2021-08-26; ;5; ; 
2021-08-27; ;9; ; 
2021-08-28; ;6; ; 
2021-08-29; ;5; ; 
2021-08-30; ;6; ; 
2021-08-31; ;9; ; 
2021-07-01; ;8; ; 
2021-07-02; ;15; ; 
2021-07-03; ;10; ; 
2021-07-04; ;7; ; 
2021-07-05; ;9; ; 
2021-07-06; ;11; ; 
2021-07-07; ;13; ; 
2021-07-08; ;7; ; 
2021-07-09; ;7; ; 
2021-07-10; ;6; ; 
2021-07-11; ;16; ; 
2021-07-12; ;14; ; 
2021-07-13; ;12; ; 
2021-07-14; ;12; ; 
2021-07-15; ;6; ; 
2021-07-16; ;5; ; 
2021-07-17; ;13; ; 
2021-07-18; ;11; ; 
2021-07-19; ;8; ; 
2021-07-20; ;9; ; 
2021-07-21; ;21; ; 
2021-07-22; ;20; ; 
2021-07-23; ;18; ; 
2021-07-24; ;12; ; 
2021-07-25; ;8; ; 
2021-07-26; ;8; ; 
2021-07-27; ;4; ; 
2021-07-28; ;6; ; 
2021-07-29; ;6; ; 
2021-07-30; ;13; ; 
2021-07-31; ;10; ; 
2021-06-01; ;10; ; 
2021-06-02; ;8; ; 
2021-06-03; ;12; ; 
2021-06-04; ;9; ; 
2021-06-05; ;7; ; 
2021-06-06; ;13; ; 
2021-06-07; ;4; ; 
2021-06-08; ;9; ; 
2021-06-09; ;21; ; 
2021-06-10; ;20; ; 
2021-06-11; ;13; ; 
2021-06-12; ;7; ; 
2021-06-13; ;1; ; 
2021-06-14; ;9; ; 
2021-06-15; ;8; ; 
2021-06-16; ;11; ; 
2021-06-17; ;10; ; 
2021-06-18; ;8; ; 
2021-06-19; ;6; ; 
2021-06-20; ;7; ; 
2021-06-21; ;9; ; 
2021-06-22; ;10; ; 
2021-06-23; ;14; ; 
2021-06-24; ;7; ; 
2021-06-25; ;3; ; 
2021-06-26; ;13; ; 
2021-06-27; ;15; ; 
2021-06-28; ;10; ; 
2021-06-29; ;9; ; 
2021-06-30; ;3; ; 
2021-05-01; ;7; ; 
2021-05-02; ;12; ; 
2021-05-04; ;10; ; 
2021-05-05; ;12; ; 
2021-05-06; ;19; ; 
2021-05-07; ;30; ; 
2021-05-08; ;17; ; 
2021-05-09; ;7; ; 
2021-05-10; ;11; ; 
2021-05-11; ;11; ; 
2021-05-12; ;11; ; 
2021-05-13; ;12; ; 
2021-05-14; ;10; ; 
2021-05-15; ;16; ; 
2021-05-16; ;18; ; 
2021-05-17; ;10; ; 
2021-05-18; ;12; ; 
2021-05-19; ;18; ; 
2021-05-20; ;8; ; 
2021-05-21; ;10; ; 
2021-05-22; ;12; ; 
2021-05-23; ;8; ; 
2021-05-24; ;14; ; 
2021-05-25; ;8; ; 
2021-05-26; ;6; ; 
2021-05-27; ;7; ; 
2021-05-28; ;6; ; 
2021-05-29; ;4; ; 
2021-05-30; ;6; ; 
2021-05-31; ;9; ; 
2021-04-01; ;9; ; 
2021-04-02; ;10; ; 
2021-04-03; ;11; ; 
2021-04-04; ;12; ; 
2021-04-05; ;6; ; 
2021-04-06; ;21; ; 
2021-04-07; ;23; ; 
2021-04-08; ;11; ; 
2021-04-09; ;10; ; 
2021-04-10; ;7; ; 
2021-04-11; ;12; ; 
2021-04-12; ;12; ; 
2021-04-13; ;6; ; 
2021-04-14; ;6; ; 
2021-04-15; ;7; ; 
2021-04-16; ;13; ; 
2021-04-17; ;10; ; 
2021-04-18; ;13; ; 
2021-04-19; ;11; ; 
2021-04-20; ;13; ; 
2021-04-21; ;14; ; 
2021-04-22; ;13; ; 
2021-04-23; ;8; ; 
2021-04-24; ;2; ; 
2021-04-25; ;9; ; 
2021-04-26; ;15; ; 
2021-04-27; ;11; ; 
2021-04-28; ;12; ; 
2021-04-29; ;16; ; 
2021-04-30; ;16; ; 
2021-03-01; ;8;1; 
2021-03-02; ;8; ; 
2021-03-03; ;7;1; 
2021-03-04; ;8;1; 
2021-03-05; ;8;1; 
2021-03-06; ;5;1; 
2021-03-07; ;11;1; 
2021-03-08; ;12;2; 
2021-03-09; ;18;4; 
2021-03-10; ;18;2; 
2021-03-11; ;19;1; 
2021-03-12; ;12;1; 
2021-03-13; ;15;1; 
2021-03-14; ;9;1; 
2021-03-15; ;10;1; 
2021-03-16; ;7;1; 
2021-03-17; ;5;1; 
2021-03-18; ;9;1; 
2021-03-19; ;9;3; 
2021-03-20; ;8;2; 
2021-03-21; ;14;3; 
2021-03-22; ;20;3; 
2021-03-23; ;20;1; 
2021-03-24; ;14; ; 
2021-03-25; ;15;1; 
2021-03-26; ;25;1; 
2021-03-27; ;14; ; 
2021-03-28; ;3; ; 
2021-03-29; ;8; ; 
2021-03-30; ;2; ; 
2021-02-01; ;10; ; 
2021-01-04; ;14;2; 
2021-01-05; ;110; ; 
2021-01-06; ;4; ; 
2021-01-07; ;1; ; 
2021-01-08; ;1; ; 
2021-01-11; ;16;2; 
2021-01-12; ;23;1; 
2021-01-13; ;20; ; 
2021-01-14; ;7; ; 
2021-01-15; ;12; ; 
2021-01-16; ;9; ; 
2021-01-17; ;6;1; 
2021-01-18; ;22;1; 
2021-01-19; ;13; ; 
2021-01-20; ;13; ; 
2021-01-21; ;12; ; 
2021-01-22; ;10; ; 
2021-01-23; ;10; ; 
2021-01-24; ;6; ; 
2021-01-25; ;10; ; 
2021-01-26; ;13; ; 
2021-01-27; ;10;2; 
2021-01-28; ;19;1; 
2021-01-29; ;11; ; 
2021-01-30; ;6; ; 
2021-01-31; ;4; ; 
2020-10-01; ;14;4; 
2020-10-02; ;5;4; 
2020-10-03; ;8;4; 
2020-10-04; ;12;1; 
2020-10-05; ;12;1; 
2020-10-06; ;19;1; 
2020-10-07; ;24;1; 
2020-10-08; ;13; ; 
2020-10-09; ;10; ; 
2020-10-12; ;2; ; 
2020-10-13; ;9; ; 
2020-10-14; ;10; ; 
2020-10-15; ;15;1; 
2020-10-16; ;21;1; 
2020-10-17; ;21; ; 
2020-10-18; ;5; ; 
2020-10-19; ;7;1; 
2020-10-20; ;6; ; 
2020-10-21; ;11; ; 
2020-10-22; ;13; ; 
2020-10-23; ;17; ; 
2020-10-24; ;17;1; 
2020-10-25; ;14; ; 
2020-10-26; ;10;2; 
2020-10-27; ;21;2; 
2020-10-28; ;26; ; 
2020-10-29; ;11; ; 
2020-10-30; ;6; ; 
2020-10-31; ;15;1; 
2020-11-01; ;22; ; 
2020-11-02; ;18;2; 
2020-11-03; ;21;1; 
2020-11-04; ;9;1; 
2020-11-05; ;8;1; 
2020-11-06; ;8; ; 
2020-11-07; ;10; ; 
2020-11-08; ;15;1; 
2020-11-09; ;16;1; 
2020-11-10; ;14; ; 
2020-11-11; ;8;1; 
2020-11-12; ;9;1; 
2020-11-13; ;12;1; 
2020-11-14; ;13;1; 
2020-11-15; ;18;2; 
2020-11-16; ;23;2; 
2020-11-17; ;18;1; 
2020-11-18; ;9; ; 
2020-11-19; ;7;1; 
2020-11-20; ;9; ; 
2020-11-21; ;5;1; 
2020-11-22; ;3;1; 
2020-11-23; ;8;1; 
2020-11-24; ;9;2; 
2020-11-25; ;12;2; 
2020-11-26; ;8;3; 
2020-11-27; ;11;2; 
2020-11-28; ;8;1; 
2020-11-29; ;6;1; 
2020-11-30; ;6;2; 
2020-12-01; ;13;2; 
2020-12-02; ;16; ; 
2020-12-03; ;14; ; 
2020-12-04; ;9; ; 
2020-12-05; ;6; ; 
2020-12-06; ;9; ; 
2020-12-07; ;12; ; 
2020-12-08; ;10; ; 
2020-12-09; ;11; ; 
2020-12-10; ;12; ; 
2020-12-11; ;11; ; 
2020-12-12; ;10;1; 
2020-12-13; ;11;1; 
2020-12-14; ;13;1; 
2020-12-15; ;14;1; 
2020-12-16; ;16;2; 
2020-12-17; ;18;1; 
2020-12-18; ;16;1; 
2020-12-19; ;12; ; 
2020-12-20; ;8;1; 
2020-12-21; ;10; ; 
2020-12-22; ;8;1; 
2020-12-23; ;15;1; 
2020-12-24; ;14;1; 
2020-12-25; ;9; ; 
2020-12-26; ;2; ; 
2020-12-27; ;6;1; 
2020-12-28; ;5;1; 
2020-12-29; ;7;2; 
2020-12-30; ;14;2; 
2020-12-31; ;12;1; 
2021-01-01; ;4; ; 
2021-01-02; ;6; ; 
2021-01-03; ;8;1; 
2020-07-24; ;12;6; 
2020-07-25; ;10;6; 
2020-07-26; ;9;4; 
2020-07-27; ;12;6; 
2020-07-28; ;11; ; 
2020-07-29; ;10; ; 
2020-07-30; ;5;1; 
2020-07-31; ;19; ; 
2020-08-01; ;9; ; 
2020-08-02; ;8; ; 
2020-08-03; ;11; ; 
2020-08-04; ;11; ; 
2020-08-05; ;6; ; 
2020-08-06; ;6; ; 
2020-08-07; ;5; ; 
2020-08-08; ;10; ; 
2020-08-09; ;18;1; 
2020-08-10; ;14;4; 
2020-08-11; ;17; ; 
2020-08-12; ;13;1; 
2020-08-13; ;15; ; 
2020-08-14; ;17; ; 
2020-08-15; ;10; ; 
2020-08-16; ;8; ; 
2020-08-17; ;12; ; 
2020-08-20; ;10; ; 
2020-08-21; ;9; ; 
2020-08-22; ;10;1; 
2020-08-23; ;17;1; 
2020-08-24; ;8;1; 
2020-08-25; ;11; ; 
2020-08-31; ;2;1; 
2020-09-01; ;8;1; 
2020-09-02; ;13; ; 
2020-09-03; ;3; ; 
2020-09-04; ;5; ; 
2020-09-05; ;2; ; 
2020-09-06; ;2;1; 
2020-09-07; ;16;9; 
2020-09-08; ;7;1; 
2020-09-09; ;5; ; 
2020-09-10; ;6;1; 
2020-09-11; ;7;1; 
2020-09-12; ;5; ; 
2020-09-13; ;4;1; 
2020-09-14; ;8; ; 
2020-09-15; ;5;1; 
2020-09-16; ;6;1; 
2020-09-17; ;5; ; 
2020-09-18; ;7; ; 
2020-09-19; ;8; ; 
2020-09-20; ;11; ; 
2020-09-21; ;13;2; 
2020-09-22; ;9;1; 
2020-09-24; ;25;6; 
2020-09-25; ;27;4; 
2020-09-26; ;10;4; 
2020-09-27; ;10;4; 
2020-09-28; ;10;3; 
2020-09-29; ;6;4; 
2020-09-30; ;14;1; 
2019-12-31; ;11;1; 
2020-01-06; ;11; ; 
2020-01-07; ;20;1; 
2020-01-12; ;14; ; 
2020-01-24; ;16; ; 
2020-01-25; ;13; ; 
2020-01-26; ;24;8; 
2020-01-27; ;14;1; 
2020-01-28; ;17;1; 
2020-02-01; ;15;1; 
2020-02-02; ;18;1; 
2020-02-03; ;19;3; 
2020-02-04; ;17;1; 
2020-02-05; ;15; ; 
2020-02-06; ;18; ; 
2020-02-07; ;18; ; 
2020-02-08; ;18; ; 
2020-02-09; ;17; ; 
2020-02-10; ;18;1; 
2020-02-11; ;17; ; 
2019-11-14; ;13;1; 
2019-08-28; ;10;2; 
2019-09-12; ;11;1; 
2019-09-24; ;20;4; 
2019-09-25; ;19;1; 
2019-09-26; ;27;5; 
2019-09-27; ;31;8; 
2018-12-31; ;8;2; 
2019-03-12; ;19;2; 
2019-03-13; ;13;1; 
2018-10-16; ;23;4; 
2018-10-17; ;17;2; 
2018-10-18; ;10;1; 
2018-10-23; ;8;1; 
2018-08-22; ;20;1; 
2018-06-06; ;19;7; 
2017-12-31; ;20;3; 
2017-10-01; ;11;10; 
2017-10-02; ;8;19; 
2017-10-03; ;8;19; 
2017-10-04; ;7;14; 
2017-10-05; ;7;35; 
2017-10-06; ;20;27; 
2017-10-07; ;13;37; 
2017-10-08; ;7;38; 
2017-10-09; ;16;16; 
2017-10-10; ;14;23; 
2017-10-11; ;12;16; 
2017-10-12; ;12;36; 
2017-10-13; ;28;29; 
2017-10-14; ;24;42; 
2017-10-15; ;6;38; 
2017-10-16; ;10;24; 
2017-10-17; ;5;36; 
2017-10-18; ;22;6; 
2017-10-19; ;18;4; 
2017-10-26; ;11;1; 
2017-07-02; ;8;2; 
2017-07-04; ;14;2; 
2017-07-05; ;21;2; 
2017-07-06; ;21;6; 
2017-08-06; ;30;23; 
2017-09-28; ;8;1; 
2017-09-29; ;12;9; 
2017-09-30; ;11;10; 
2017-05-07; ;21;25; 
2017-06-20; ;26;4; 
2017-01-26; ;20;3; 
2017-02-01; ;81;3; 
2017-02-11; ;10;2; 
2017-03-07; ;10;3; 
2017-03-12; ;13;1; 
2016-10-17; ;15;1; 
2016-11-26; ;14;2; 
2016-12-27; ;11;2; 
2016-07-21; ;26;8; 
2016-09-04; ;44;10; 
2016-05-26; ;15;1; 
2016-05-29; ;13;4; 
2016-06-22; ;15;1; 
2016-01-14; ;14;1; 
2016-01-15; ;18;2; 
2016-02-14; ;22;4; 
2015-11-05; ;11;1; 
2015-11-06; ;7;2; 
2015-11-25; ;19;2; 
2015-11-26; ;26;4; 
2016-01-02; ;24;2; 
2015-07-01; ;19;2; 
2015-07-30; ;30;19; 
2015-07-31; ;20;4; 
2015-08-01; ;23;2; 
2015-08-02; ;6;1; 
2015-08-03; ;17;2; 
2015-08-04; ;18;4; 
2015-08-05; ;34;4; 
2015-08-06; ;36;2; 
2015-08-07; ;34;3; 
2015-08-08; ;26;1; 
2015-08-09; ;8;2; 
2015-08-10; ;25;5; 
2015-08-12; ;30;2; 
2015-08-13; ;25;1; 
2015-08-14; ;26;2; 
2015-08-15; ;17;4; 
2015-08-16; ;22;4; 
2015-08-17; ;25;4; 
2015-08-18; ;24;9; 
2015-08-28; ;15;1; 
2015-08-29; ;6; ; 
2015-08-30; ;6;1; 
2015-08-31; ;18;1; 
2015-09-01; ;16;1; 
2015-09-02; ;21;3; 
2015-09-03; ;21;1; 
2015-09-04; ;21;1; 
2015-09-05; ;27;4; 
2015-09-06; ;39;6; 
2015-09-07; ;10;2; 
2015-09-08; ;22;1; 
2015-09-09; ;20;1; 
2015-09-12; ;30;5; 
2015-09-13; ;15;2; 
2015-09-14; ;25;2; 
2015-09-15; ;19;2; 
2015-09-16; ;22;2; 
2015-09-17; ;26;6; 
2015-09-18; ;17;5; 
2015-09-19; ;7; ; 
2015-09-20; ;9; ; 
2015-09-21; ;37;4; 
2015-09-22; ;23;2; 
2015-09-23; ;28;3; 
2015-04-05; ;7;3; 
2015-04-21; ;49;1; 
2015-04-22; ;36;1; 
2015-06-01; ;1;1; 
2015-06-02; ;1;1; 
2015-06-03; ;8;1; 
2015-06-14; ;12;3; 
2015-06-15; ;32;4; 
2015-06-23; ;28;2; 
2014-10-08; ;19;6; 
2014-10-09; ;22;5; 
2014-10-11; ;25;5; 
2014-10-26; ;21;4; 
2014-12-07; ;37;11; 
2014-07-04; ;26;5; 
2014-07-11; ;31;8; 
2014-08-02; ;17;5; 
2014-08-03; ;32;8; 
2014-09-10; ;42;7; 
2014-06-07; ;13;8; 
2014-06-08; ;14;10; 
2014-06-09; ;17;10; 
2014-06-10; ;26;15; 
2014-06-11; ;10;2; 
2014-06-12; ;9;2; 
2014-06-13; ;6;1; 
2014-06-16; ;10; ; 
2014-06-17; ;23;3; 
2014-06-18; ;27;6; 
2014-06-19; ;21;8; 
2014-06-20; ;22;10; 
2014-06-21; ;23;14; 
2014-06-22; ;18;10; 
2021-03-31; ; ; ; 
2021-02-28; ; ;1; 
2021-01-09; ; ;1; 
2021-01-10; ; ;1; 
2020-10-11; ; ; ; 
2020-07-23; ; ;6; 
2020-08-19; ; ;1; 
2020-08-30; ; ;1; 
2020-09-23; ; ;4; 
2014-12-31; ; ;1; 
2021-09-30; ; ; ; 
