date; pm10; o3; no2; so2;
2021-11-01;22;16;5;5; 
2021-11-02;15;27;1;7; 
2021-11-03;12;23;1;6; 
2021-11-04;11;21;9;5; 
2021-11-05;11;25;8;6; 
2021-11-06;9;28;8;6; 
2021-11-07;16;21;11;5; 
2021-11-08;16;27;9;4; 
2021-11-09;27;22;10;6; 
2021-11-10;26;24;10;4; 
2021-11-11;25;21;9;4; 
2021-11-12;26;19;7;7; 
2021-11-13;27;27;6;3; 
2021-11-14;28;23;6;5; 
2021-11-15;19;23;6;6; 
2021-11-16;28;22;8;3; 
2021-11-17;33;7;11;4; 
2021-11-18;40;21;8;6; 
2021-11-19;25;23;5;6; 
2021-11-20;20;17;7;5; 
2021-11-21;19;2;7;1; 
2021-11-22;16; ; ; ; 
2021-10-01;32;36;5;5; 
2021-10-02;38;15;4;3; 
2021-10-03;37;27;6;4; 
2021-10-04;13;32;8;2; 
2021-10-05;17;33;8;5; 
2021-10-06;18;32;8;5; 
2021-10-07;23;37;7;2; 
2021-10-08;21;38;5;5; 
2021-10-09;22;40;4;6; 
2021-10-10;19;36;6;4; 
2021-10-11;20;40;6;7; 
2021-10-12;27;38;8;3; 
2021-10-13;22;36;8;5; 
2021-10-14;27;31;9;4; 
2021-10-15;29;43;6;5; 
2021-10-16;25;39;4;2; 
2021-10-17;49;37;6;4; 
2021-10-18;17;34;7;4; 
2021-10-19;25;34;8;4; 
2021-10-20;32;32;9;5; 
2021-10-21;28;24;7;5; 
2021-10-22;33;31;6;4; 
2021-10-23;11;31;6; ; 
2021-10-24;23;27;7;6; 
2021-10-25;24;17;9;4; 
2021-10-26;27;26;7;4; 
2021-10-27;33;27;8;1; 
2021-10-28;21;19;9;8; 
2021-10-29;24;7;8;3; 
2021-10-30;33;14;5;6; 
2021-10-31;26;15;5;4; 
2021-09-01;32;38;5;1; 
2021-09-02;33;39;6;2; 
2021-09-03;40;36;3;2; 
2021-09-04;40;37;3;1; 
2021-09-05;35;39;4;2; 
2021-09-06;37;37;5;3; 
2021-09-07;28;45;8;1; 
2021-09-08;32;34;9;2; 
2021-09-09;29;37;9; ; 
2021-09-10;24;41;7;3; 
2021-09-11;29;41;4;1; 
2021-09-12;30;17;10;2; 
2021-09-13;36;24;7;2; 
2021-09-14;30;29;8;1; 
2021-09-15;22;32;8;3; 
2021-09-16;21;35;8;4; 
2021-09-17;32;43;7;4; 
2021-09-18;28;34;4;4; 
2021-09-19;27;36;6;4; 
2021-09-20;21;34;5;3; 
2021-09-21;19;37;6;5; 
2021-09-22;17;39;7;6; 
2021-09-23;19;35;7;3; 
2021-09-24;31;37;5;4; 
2021-09-25;37;42;6;4; 
2021-09-26;34;42;9;3; 
2021-09-27;33;39;7;6; 
2021-09-28;39;42;6;2; 
2021-09-29;46;38;6;5; 
2021-09-30;42;34;7;4; 
2021-08-01;20;39;2;2; 
2021-08-02;27;42;4;2; 
2021-08-03;27;46;6;2; 
2021-08-04;31;46;3;3; 
2021-08-05;46;54;4;2; 
2021-08-06;32;54;3;2; 
2021-08-07;42;38;1;1; 
2021-08-08;43;33; ;1; 
2021-08-09;41;34;6;3; 
2021-08-10;29;37;6;5; 
2021-08-11;34;47;9;5; 
2021-08-12;61;45;7;3; 
2021-08-13;66;46;5;3; 
2021-08-14;58;53;4;3; 
2021-08-15;54;44;5;6; 
2021-08-16;59;35;1;3; 
2021-08-17;49;38;2;2; 
2021-08-18;45;35;3; ; 
2021-08-19;43;34;3;1; 
2021-08-20;44;37;2;4; 
2021-08-21;37;44;2;3; 
2021-08-22;33;39;4;4; 
2021-08-23;32;34;3;3; 
2021-08-24;41;41;4;2; 
2021-08-25;35;42;4;5; 
2021-08-26;31;43;7;1; 
2021-08-27;35;53;5;2; 
2021-08-28;38;40;3;1; 
2021-08-29;44;40;4;1; 
2021-08-30;45;37;3;1; 
2021-08-31;43;32;5;2; 
2021-07-01;866;44;6;2; 
2021-07-02;514;57;7;2; 
2021-07-03;49;46;7;3; 
2021-07-04;42;36;6;2; 
2021-07-05;35;51;9;3; 
2021-07-06;36;37;6;3; 
2021-07-07;37;33;4;1; 
2021-07-08;35;32;4;1; 
2021-07-09;32;41;5;2; 
2021-07-10;32;35;4;1; 
2021-07-11;29;39;9;3; 
2021-07-12;56;36;4;4; 
2021-07-13;32;33;5;3; 
2021-07-14;24;35;6;4; 
2021-07-15;23;35;5;2; 
2021-07-16;26;38;4;2; 
2021-07-17;23;47;3;3; 
2021-07-18;32;43;5;2; 
2021-07-19;38;48;5;4; 
2021-07-20;34;47;6;2; 
2021-07-21;31;47;7;2; 
2021-07-22;29;51;7;2; 
2021-07-23;34;60;6;3; 
2021-07-24;37;55;5;3; 
2021-07-25;45;32;6;3; 
2021-07-26;52;50;8;2; 
2021-07-27;44;38;5;3; 
2021-07-28;32;39;5;2; 
2021-07-29;6;42;6;2; 
2021-07-30;29;53;4;4; 
2021-07-31;42;39;3;4; 
2021-06-01;25;48;7;4; 
2021-06-02;20;46;6;3; 
2021-06-03;19;40;8;2; 
2021-06-04;23;38;6;2; 
2021-06-05;21;49;6;2; 
2021-06-06;17;50;7;2; 
2021-06-07;23;42;7;2; 
2021-06-08;19;55;6;4; 
2021-06-09;18;49;7;2; 
2021-06-10;16;59;7;2; 
2021-06-11;19;71;7;2; 
2021-06-12;19;70;5;3; 
2021-06-13;20;63;9;3; 
2021-06-14;20;48;8;3; 
2021-06-15;22;52;9;2; 
2021-06-16;25;48;9;2; 
2021-06-17;342;40;9;2; 
2021-06-18;127;34;5;2; 
2021-06-19;316;40;6;1; 
2021-06-20;447;34;9;2; 
2021-06-21;153;36;8;3; 
2021-06-22;15;38;6;3; 
2021-06-23;22;37;6;2; 
2021-06-24;20;38;6;2; 
2021-06-25;17;41;6;2; 
2021-06-26;19;46;6;2; 
2021-06-27;133;49;8;4; 
2021-06-28;76;37;6;2; 
2021-06-29;290;33;4;2; 
2021-06-30;874;35;6;3; 
2021-05-01;11;25;7;2; 
2021-05-03;26;23;8;2; 
2021-05-04;20;24;9;2; 
2021-05-05;22;21;9;2; 
2021-05-06;28;27;9; ; 
2021-05-07;27;26;8; ; 
2021-05-08;28;25;8;46; 
2021-05-09;21;17;9;43; 
2021-05-10;17;19;8;45; 
2021-05-11;24;22;8;5; 
2021-05-12;17;20;9;8; 
2021-05-13;18;20;8;3; 
2021-05-14;23;25;7;3; 
2021-05-15;25;20;7;2; 
2021-05-16;21;19;6;2; 
2021-05-17;21;23;7;2; 
2021-05-18;28;27;5;2; 
2021-05-19;28;28;5;1; 
2021-05-20;24;35;7;3; 
2021-05-21;22;34;6;2; 
2021-05-22;29;29;4;2; 
2021-05-23;19;31;8;2; 
2021-05-24;16;22;5; ; 
2021-05-25;15;26;4;2; 
2021-05-26;14;20;9;2; 
2021-05-27;20;26;8;2; 
2021-05-28;16;28;6;3; 
2021-05-29;21;27;5;3; 
2021-05-30;20;27;8;3; 
2021-05-31;16;43;9;3; 
2021-04-01;28;36;7;2; 
2021-04-02;27;36;9;3; 
2021-04-03;21;40;6;2; 
2021-04-04;24;35;9;4; 
2021-04-05;26;44;9; ; 
2021-04-06;26;35;7;1; 
2021-04-07;35;39;7;3; 
2021-04-08;21;37;9;1; 
2021-04-09;19;32;9;1; 
2021-04-10;23;36;6;1; 
2021-04-11;17;33;7;1; 
2021-04-12;25;38;6; ; 
2021-04-13;17;37;7;2; 
2021-04-14;14;29;10;1; 
2021-04-15;15;44;10;1; 
2021-04-16;16;44;7;2; 
2021-04-17;16;44;5;2; 
2021-04-18;16;37;10;8; 
2021-04-19;21;32;8; ; 
2021-04-20;27;28;8;3; 
2021-04-21;35;27;7;1; 
2021-04-22;25;29;7;3; 
2021-04-23;24;26;6;1; 
2021-04-24;15;28;6;2; 
2021-04-25;20;18;9;1; 
2021-04-26;43;17;11;2; 
2021-04-27;28;17;10; ; 
2021-04-28;24;20;11; ; 
2021-04-29;20;19;11;5; 
2021-04-30;23;21;8;1; 
2021-03-01;35;26;14;3; 
2021-03-02;44;31;11;3; 
2021-03-03;49;37;10;3; 
2021-03-04;42;32;9;1; 
2021-03-05;37;22;8; ; 
2021-03-06;35;27;6;3; 
2021-03-07;22;27;10; ; 
2021-03-08;26;25;10; ; 
2021-03-09;18;26;13; ; 
2021-03-10;27;29;13;1; 
2021-03-11;23;29;12;1; 
2021-03-12;24;37;9;2; 
2021-03-13;24;35;8; ; 
2021-03-14;23;38;10;4; 
2021-03-15;20;38;10;1; 
2021-03-16;22;34;11;2; 
2021-03-17;21;17;12;1; 
2021-03-18;25;27;9;4; 
2021-03-19;15;37;7;4; 
2021-03-20;24;37;9;2; 
2021-03-21;24;31;12;7; 
2021-03-22;17;33;14;2; 
2021-03-23;22;42;11; ; 
2021-03-24;30;38;11;4; 
2021-03-25;36;38;10;3; 
2021-03-26;54;45;8;2; 
2021-03-27;30;43;7;3; 
2021-03-28;25;40;10;2; 
2021-03-29;21;41;11;4; 
2021-03-30;31;43;10;3; 
2021-03-31;26;45;8;3; 
2021-02-01;21;23;12;5; 
2021-02-02;15;9;15;3; 
2021-02-03;29;18;12;2; 
2021-02-04;36;22;12;1; 
2021-02-05;50;27;10;2; 
2021-02-06;60;24;8;2; 
2021-02-07;21;26;12;2; 
2021-02-08;16;9;18;5; 
2021-02-09;21;24;13;3; 
2021-02-10;16;21;15;4; 
2021-02-11;22;23;13;4; 
2021-02-12;22;34;8;3; 
2021-02-13;14;35;8;4; 
2021-02-14;20;29;9;2; 
2021-02-15;19;27;13;3; 
2021-02-16;26;29;12;4; 
2021-02-17;28;37;10;4; 
2021-02-18;36;32;13;4; 
2021-02-19;47;40;8;2; 
2021-02-20;44;27;9;5; 
2021-02-21;41;29;11;7; 
2021-02-22;28;32;10;2; 
2021-02-23;15;30;10;2; 
2021-02-24;23;32;11;2; 
2021-02-25;32;33;7; ; 
2021-02-26;19;31;6;7; 
2021-02-27;32;33;6; ; 
2021-02-28;48;36;6;1; 
2021-01-04;28;16;21;6; 
2021-01-05;30;18;12;3; 
2021-01-06;31;17;14;3; 
2021-01-07;16;13;14;1; 
2021-01-08;14;13;12;3; 
2021-01-09;14;14;11;4; 
2021-01-10;30;14;15;2; 
2021-01-11;27;17;17; ; 
2021-01-12;19;17;19;3; 
2021-01-13;27;18;18;3; 
2021-01-14;34;19;13;1; 
2021-01-15;19;21;11;9; 
2021-01-16;29;21;11;4; 
2021-01-17;29;17;17;4; 
2021-01-18;25;15;15;2; 
2021-01-19;46;10;16;4; 
2021-01-20;55;18;15;2; 
2021-01-21;42;22;9;2; 
2021-01-22;15;21;10; ; 
2021-01-23;15;21;8;1; 
2021-01-24;12;14;15;3; 
2021-01-25;19;18;10;4; 
2021-01-26;23;16;12;6; 
2021-01-27;23;15;12;1; 
2021-01-28;13;14;14;4; 
2021-01-29;22;26;9;2; 
2021-01-30;19;30;8;3; 
2021-01-31;11;27;9;3; 
2020-10-01;27;22;13;3; 
2020-10-02;24;24;10; ; 
2020-10-03;13;26;11;1; 
2020-10-04;16;21;14;1; 
2020-10-05;14;20;15;1; 
2020-10-06;24;22;13;1; 
2020-10-07;21;18;13;3; 
2020-10-08;33;21;11;2; 
2020-10-09;26;21;9;4; 
2020-10-10;24;23;7; ; 
2020-10-11;14;25;9;1; 
2020-10-12;22;20;16;4; 
2020-10-13;15;22;12;3; 
2020-10-14;20;22;15;5; 
2020-10-15;15;24;16;1; 
2020-10-16;15;29;14;2; 
2020-10-17;17;31;10;3; 
2020-10-18;25;26;12;1; 
2020-10-19;21;28;13;2; 
2020-10-20;23;20;17;5; 
2020-10-21;37;8;19;4; 
2020-10-22;43;18;14;3; 
2020-10-23;26;24;13;1; 
2020-10-24;13;25;11;1; 
2020-10-25;13;21;10;5; 
2020-10-26;22;20;15;1; 
2020-10-27;10;18;14;1; 
2020-10-28;26;22;14;4; 
2020-10-29;20;20;13;1; 
2020-10-30;26;23;15; ; 
2020-10-31;21;26;9;1; 
2020-11-01;24;24;11;1; 
2020-11-02;32;24;11;1; 
2020-11-03;32;22;11;2; 
2020-11-04;20;22;7; ; 
2020-11-05;17;15;12;2; 
2020-11-06;31;20;11;1; 
2020-11-07;47;23;9;1; 
2020-11-08;17;18;15;3; 
2020-11-09;21;20;15;3; 
2020-11-10;23;21;14;1; 
2020-11-11;23;4;14;1; 
2020-11-12;17;15;13;2; 
2020-11-13;32;10;12;3; 
2020-11-14;35;12;8;2; 
2020-11-15;29;11;8;1; 
2020-11-16;23;11;11;1; 
2020-11-17;22;11;16;1; 
2020-11-18;30;16;17;2; 
2020-11-19;32;18;15;2; 
2020-11-20;31;22;13;2; 
2020-11-21;20;21;14;1; 
2020-11-22;31;19;18;2; 
2020-11-23;22;15;20;2; 
2020-11-24;24;18;16;3; 
2020-11-25;37;17;18;2; 
2020-11-26;45;18;15; ; 
2020-11-27;35;19;13;5; 
2020-11-28;15;20;11;4; 
2020-11-29;15;17;17;1; 
2020-11-30;30;16;20;2; 
2020-12-01;33;15;18;6; 
2020-12-02;17;15;22;1; 
2020-12-03;22;17;19;1; 
2020-12-04;31;19;13;1; 
2020-12-05;14;20;8; ; 
2020-12-06;14;20;12;2; 
2020-12-07;10;22;7;4; 
2020-12-08;25;18;16;4; 
2020-12-09;24;13;23;2; 
2020-12-10;23;12;21;3; 
2020-12-11;24;21;12;3; 
2020-12-12;11;18;17;1; 
2020-12-13;22;11;21;3; 
2020-12-14;33;15;19;2; 
2020-12-15;32;14;21;3; 
2020-12-16;26;14;22;4; 
2020-12-17;34;13;21;1; 
2020-12-18;11;15;17;2; 
2020-12-19;2;16;14;5; 
2020-12-20;2;14;19;2; 
2020-12-21;25;13;19;5; 
2020-12-22;39;13;18;4; 
2020-12-23;40;16;15;2; 
2020-12-24;30;19;10;3; 
2020-12-25;35;18;12;4; 
2020-12-26;26;17;16;2; 
2020-12-27;32;19;16;2; 
2020-12-28;27;18;13;2; 
2020-12-29;14;18;15;6; 
2020-12-30;13;18;18;6; 
2020-12-31;32;21;12;4; 
2021-01-01;49;19;12;2; 
2021-01-02;12;21;10;1; 
2021-01-03;21;17;16;4; 
2020-07-01;37;32;15;3; 
2020-07-02;40;25;8;2; 
2020-07-03;26;25;5;2; 
2020-07-04;20;29;6;3; 
2020-07-05;17;36;11;4; 
2020-07-06;23;32;12;3; 
2020-07-07;25;22;9;2; 
2020-07-08;21;28;11;1; 
2020-07-09;20;29;12;2; 
2020-07-10;29;27;9;2; 
2020-07-11;28;26;6;2; 
2020-07-12;27;28;12;2; 
2020-07-13;22;30;11;2; 
2020-07-14;18;38;11;1; 
2020-07-15;16;35;11;3; 
2020-07-16;22;31;10;2; 
2020-07-17;25;26;7;2; 
2020-07-18;19;31;7;2; 
2020-07-19;19;28;8;5; 
2020-07-20;19;27;10;3; 
2020-07-21;19;33;11;3; 
2020-07-22;24;38;14;3; 
2020-07-23;26;36;12;1; 
2020-07-24;25;33;7;2; 
2020-07-25;22;32;7;2; 
2020-07-26;23;34;12;2; 
2020-07-27;26;31;14;2; 
2020-07-28;31;33;11;4; 
2020-07-29;29;34;12;3; 
2020-07-30;27;40;14;2; 
2020-07-31;27;37;13;1; 
2020-08-01;35;28;10;3; 
2020-08-02;42;28;8;3; 
2020-08-03;26;26;7;2; 
2020-08-04;22;27;8;2; 
2020-08-05;20;29;8;2; 
2020-08-06;20;36;11;4; 
2020-08-07;21;37;10;3; 
2020-08-08;23;37;9;3; 
2020-08-09;24;35;10;2; 
2020-08-10;23;31;9;1; 
2020-08-11;27;30;12;2; 
2020-08-12;28;42;12;3; 
2020-08-13;38;35;11;3; 
2020-08-14;30;39;9;2; 
2020-08-15;26;38;10;3; 
2020-08-16;25;34;16;3; 
2020-08-17;29;38;15;2; 
2020-08-18;26;37;11;2; 
2020-08-19;27;33;12;4; 
2020-08-20;26;36;12;4; 
2020-08-21;28;31;10;2; 
2020-08-22;28;24;6;1; 
2020-08-23;27;26;6;2; 
2020-08-24;19;29;6;3; 
2020-08-25;21;37;7;4; 
2020-08-26;21;34;12; ; 
2020-08-27;29;29;12;2; 
2020-08-28;27;26;9;1; 
2020-08-29;29;24;9;3; 
2020-08-30;19;24;9;2; 
2020-08-31;15;23;9;1; 
2020-09-01;18;25;10;2; 
2020-09-02;19;26;8; ; 
2020-09-03;18;28;10;1; 
2020-09-04;18;28;8;1; 
2020-09-05;18;28;6; ; 
2020-09-06;17;24;9;2; 
2020-09-07;15;27;6;1; 
2020-09-08;13;32;9;1; 
2020-09-09;18;32;10;3; 
2020-09-10;23;29;8;3; 
2020-09-11;23;32;5;1; 
2020-09-12;26;28;4; ; 
2020-09-13;21;25;1;1; 
2020-09-14;24;32;8; ; 
2020-09-15;25;27;11;2; 
2020-09-16;27;23;11;3; 
2020-09-17;27;13;12;3; 
2020-09-18;17;28;13;2; 
2020-09-19;20;27;11;2; 
2020-09-20;16;26;14;1; 
2020-09-21;17;28;9;1; 
2020-09-22;25;26;13;1; 
2020-09-23;30;21;15;2; 
2020-09-24;25;25;11;1; 
2020-09-25;22;24;11;2; 
2020-09-26;13;27;7;1; 
2020-09-27;17;28;13;3; 
2020-09-28;19;24;12;2; 
2020-09-29;21;21;15;2; 
2020-09-30;20;31;16;2; 
2020-04-01;23;33;10;1; 
2020-04-02;5;35;10;2; 
2020-04-03;9;36;9;1; 
2020-04-04;27;39;6;1; 
2020-04-05;15;36;9;1; 
2020-04-06;15;40;9; ; 
2020-04-07;18;43;10;2; 
2020-04-08;14;41;9;1; 
2020-04-09;12;46;7; ; 
2020-04-10;15;43;8;1; 
2020-04-11;14;43;6;1; 
2020-04-12;15;34;10;1; 
2020-04-13;13;34;9;1; 
2020-04-14;17;31;9; ; 
2020-04-15;19;32;9; ; 
2020-04-16;20;32;9;1; 
2020-04-17;24;29;9;2; 
2020-04-18;29;27;7;2; 
2020-04-19;8;27;13; ; 
2020-04-20;9;32;12;2; 
2020-04-21;12;30;9;1; 
2020-04-22;8;36;10;1; 
2020-04-23;17;40;9; ; 
2020-04-24;15;29;9; ; 
2020-04-25;17;29;6; ; 
2020-04-26;8;28;10;2; 
2020-04-27;20;27;12;1; 
2020-04-28;3;30;13; ; 
2020-04-29;8;28;12;3; 
2020-04-30;13;29;8;1; 
2020-05-01;21;26;7; ; 
2020-05-02;19;29;7;3; 
2020-05-03;23;30;7;2; 
2020-05-04;16;35;10;3; 
2020-05-05;26;33;11;2; 
2020-05-06;25;32;9;1; 
2020-05-07;23;32;10;1; 
2020-05-08;24;32;7;3; 
2020-05-09;25;31;5;2; 
2020-05-10;17;27;13;4; 
2020-05-11;15;29;14;3; 
2020-05-12;24;36;12;2; 
2020-05-13;17;30;9;2; 
2020-05-14;23;27;12;3; 
2020-05-15;16;30;10;2; 
2020-05-16;23;29;8;2; 
2020-05-17;30;32;11;1; 
2020-05-18;22;38;12;1; 
2020-05-19;19;42;10;2; 
2020-05-20;32;38;10;1; 
2020-05-21;25;41;10;1; 
2020-05-22;30;39;8;1; 
2020-05-23;23;35;4;1; 
2020-05-24;23;31;7;2; 
2020-05-25;21;32;9;1; 
2020-05-26;21;38;9;2; 
2020-05-27;20;34;9;1; 
2020-05-28;17;39;10;3; 
2020-05-29;24;37;8;2; 
2020-05-30;17;38;5;1; 
2020-05-31;21;37;8;2; 
2020-06-01;18;35;10;1; 
2020-06-02;21;34;11;2; 
2020-06-03;31;19;14; ; 
2020-06-04;27;27;12; ; 
2020-06-05;27;32;11; ; 
2020-06-06;21;22;9;1; 
2020-06-07;23;18;8; ; 
2020-06-08;23;27;4;1; 
2020-06-09;10;29;1;3; 
2020-06-10;17;35;11;1; 
2020-06-11;26;23;12; ; 
2020-06-12;20;28;11;1; 
2020-06-13;45;36;11; ; 
2020-06-14;264;32;14; ; 
2020-06-15;332;35;14; ; 
2020-06-16;31;26;12;1; 
2020-06-17;29;27;8;1; 
2020-06-18;27;27;9;1; 
2020-06-19;20;33;11;1; 
2020-06-20;22;32;8;1; 
2020-06-21;24;27;10;2; 
2020-06-22;20;26;10;2; 
2020-06-23;17;29;12;2; 
2020-06-24;26;36;13;3; 
2020-06-25;19;35;12;2; 
2020-06-26;27;36;10;2; 
2020-06-27;30;31;8;2; 
2020-06-28;35;30;12;3; 
2020-06-29;26;24;9;3; 
2020-06-30;26;35;16;2; 
2020-01-01;52;6;21; ; 
2020-01-02;42;7;19; ; 
2020-01-03;35;13;17; ; 
2020-01-04;44;14;12; ; 
2020-01-05;41;12;9;1; 
2020-01-06;40;8;2; ; 
2020-01-07;45;11;18;1; 
2020-01-08;54;13;26; ; 
2020-01-09;46;18;24; ; 
2020-01-10;31;21;17; ; 
2020-01-11;18;21;18; ; 
2020-01-12;27;9;27;1; 
2020-01-13;39;16;29; ; 
2020-01-14;41;10;31;1; 
2020-01-15;44;12;30; ; 
2020-01-16;42;11;30;2; 
2020-01-17;44;8;26; ; 
2020-01-18;40;23;15; ; 
2020-01-19;26;26;19; ; 
2020-01-20;15;18;22; ; 
2020-01-21;24;13;22; ; 
2020-01-22;67;13;19; ; 
2020-01-23;69;5;27; ; 
2020-01-24;65;11;22; ; 
2020-01-25;65;17;20;1; 
2020-01-26;34;13;24; ; 
2020-01-27;28;9;26; ; 
2020-01-28;33;8;25;2; 
2020-01-29;28;12;24;3; 
2020-01-30;27;17;22;3; 
2020-01-31;22;14;19;2; 
2020-02-01;22;16;17;1; 
2020-02-02;17;12;22;2; 
2020-02-03;25;12;27;4; 
2020-02-04;29;23;19;2; 
2020-02-05;33;24;21;2; 
2020-02-06;35;16;25;5; 
2020-02-07;32;14;20;1; 
2020-02-08;39;23;17;2; 
2020-02-09;32;13;23;1; 
2020-02-10;31;15;23;2; 
2020-02-11;29;22;21;2; 
2020-02-12;40;13;22;1; 
2020-02-13;31;20;21;2; 
2020-02-14;25;23;20;12; 
2020-02-15;40;22;16;3; 
2020-02-16;40;18;21;2; 
2020-02-17;26;19;14;3; 
2020-02-18;27;20;19;1; 
2020-02-19;22;24;19; ; 
2020-02-20;25;28;20;3; 
2020-02-21;29;30;17;1; 
2020-02-22;28;31;17;3; 
2020-02-23;30;22;21;1; 
2020-02-24;25;22;25;5; 
2020-02-25;27;24;21;3; 
2020-02-26;20;24;26;3; 
2020-02-27;27;24;22;5; 
2020-02-28;77;23;21;3; 
2020-02-29;76;23;21;2; 
2020-03-01;30;30;11;1; 
2020-03-02;18;18;22;2; 
2020-03-03;18;22;20;2; 
2020-03-04;19;21;19;3; 
2020-03-05;19;28;17;4; 
2020-03-06;13;30;15;5; 
2020-03-07;7;31;18;2; 
2020-03-08;18;27;18;3; 
2020-03-09;17;26;21;3; 
2020-03-10;19;27;20;2; 
2020-03-11;29;31;20; ; 
2020-03-12;30;34;19;3; 
2020-03-13;28;31;12;3; 
2020-03-14;24;33;6;1; 
2020-03-15;19;27;14;1; 
2020-03-16;18;26;18;1; 
2020-03-17;24;31;11;7; 
2020-03-18;29;33;7;7; 
2020-03-19;19;33;11;1; 
2020-03-20;20;29;9; ; 
2020-03-21;19;22;7; ; 
2020-03-22;12;29;11;1; 
2020-03-23;22;28;9; ; 
2020-03-24;27;30;12;1; 
2020-03-25;15;34;10;1; 
2020-03-26;17;31;9;2; 
2020-03-27;11;36;9;2; 
2020-03-28;10;9;11;1; 
2020-03-29;24; ; ; ; 
2019-10-01;37;28;18;1; 
2019-10-02;21;24;23;2; 
2019-10-03;26;31;28;1; 
2019-10-04;36;39;18;1; 
2019-10-05;38;36;14;1; 
2019-10-06;26;27;17;3; 
2019-10-07;26;25;17;1; 
2019-10-08;26;29;17;1; 
2019-10-09;29;27;16;1; 
2019-10-10;22;24;15;1; 
2019-10-11;22;29;12;1; 
2019-10-12;27;34;11;1; 
2019-10-13;28;25;17;1; 
2019-10-14;30;27;16;1; 
2019-10-15;14;22;20;1; 
2019-10-16;25;21;22;1; 
2019-10-17;29;22;15;1; 
2019-10-18;36;23; ;1; 
2019-10-19;36;13;2;1; 
2019-10-20;24;14;21; ; 
2019-10-21;21;10;25; ; 
2019-10-22;17;12;23; ; 
2019-10-23;15;16;23;1; 
2019-10-24;17;19;24;1; 
2019-10-25;22;24;18; ; 
2019-10-26;28;26;19;1; 
2019-10-27;29;12;24; ; 
2019-10-28;36;16;25; ; 
2019-10-29;30;18;24;1; 
2019-10-30;24;13;25; ; 
2019-10-31;25;15;19; ; 
2019-11-01;22;15;20; ; 
2019-11-02;22;25;14; ; 
2019-11-03;13;19;21;1; 
2019-11-04;14;24;18; ; 
2019-11-05;11;16;22; ; 
2019-11-06;14;12;23; ; 
2019-11-07;22;20;18; ; 
2019-11-08;10;21;18;1; 
2019-11-09;13;26;12;1; 
2019-11-10;13;24;15;1; 
2019-11-11;9;22;20; ; 
2019-11-12;11;15;22; ; 
2019-11-13;20;13;25; ; 
2019-11-14;18;18;23; ; 
2019-11-15;15;21;23;1; 
2019-11-16;21;19;23; ; 
2019-11-17;23;17;23;2; 
2019-11-18;23;16;28; ; 
2019-11-19;24;10;26; ; 
2019-11-20;34;3;27;1; 
2019-11-21;45;5;22;1; 
2019-11-22;44;28;15; ; 
2019-11-23;14;24;18; ; 
2019-11-24;13;10;27; ; 
2019-11-25;30;10;23; ; 
2019-11-26;28;12;23;1; 
2019-11-27;31;13;26;2; 
2019-11-28;32;12;24;2; 
2019-11-29;29;18;21; ; 
2019-11-30;24;20;15;1; 
2019-12-01;25;18;19; ; 
2019-12-02;21;21;14;2; 
2019-12-03;13;18;19; ; 
2019-12-04;13;15;19; ; 
2019-12-05;21;15;19;3; 
2019-12-06;34;9;20;1; 
2019-12-07;41;13;17; ; 
2019-12-08;36;14;17;2; 
2019-12-09;20;18;22;1; 
2019-12-10;22;13;22;1; 
2019-12-11;25;17;21; ; 
2019-12-12;19;13;19;1; 
2019-12-13;27;14;2; ; 
2019-12-14;21;18;16; ; 
2019-12-15;22;3;20;2; 
2019-12-16;50;7;16;1; 
2019-12-17;47;16;27; ; 
2019-12-18;20;3;29;2; 
2019-12-19;48;11;23;1; 
2019-12-20;29;16;17;1; 
2019-12-21;19;26;16;1; 
2019-12-22;16;12;27;1; 
2019-12-23;31;9;25; ; 
2019-12-24;42;12;19;1; 
2019-12-25;41;11;24; ; 
2019-12-26;26;10;26; ; 
2019-12-27;40;14;17; ; 
2019-12-28;39;18;18;1; 
2019-12-29;41; ; ; ; 
2019-07-01;27;41;4; ; 
2019-07-02;29;42;5; ; 
2019-07-03;21;40;12; ; 
2019-07-04;20;37;11; ; 
2019-07-05;29;33;9; ; 
2019-07-06;47;33;5; ; 
2019-07-07;45;30;1; ; 
2019-07-08;42;36;18; ; 
2019-07-09;26;40;12; ; 
2019-07-10;31;48;13; ; 
2019-07-11;21;42;14; ; 
2019-07-12;19;39;12; ; 
2019-07-13;19;36;7; ; 
2019-07-14;20;39;10; ; 
2019-07-15;30;34;1; ; 
2019-07-16;25;41; ; ; 
2019-07-17;15;40;8; ; 
2019-07-18;19;41;11; ; 
2019-07-19;14;40;10; ; 
2019-07-20;17;43;9; ; 
2019-07-21;20;37;12; ; 
2019-07-22;18;41;15; ; 
2019-07-23;19;43;15; ; 
2019-07-24;25;40;15; ; 
2019-07-25;22;43;17; ; 
2019-07-26;25;34;14; ; 
2019-07-27;23;37;10; ; 
2019-07-28;13;34;12; ; 
2019-07-29;20;34;12; ; 
2019-07-30;20;31;9; ; 
2019-07-31;17;36;13; ; 
2019-08-01;21;29;10; ; 
2019-08-02;27;32;1; ; 
2019-08-03;22;29;1; ; 
2019-08-04;24;22;1; ; 
2019-08-05;45;36;1; ; 
2019-08-06;33;45;14; ; 
2019-08-07;26;38;20; ; 
2019-08-08;27;47;21; ; 
2019-08-09;30;28;14; ; 
2019-08-10;26;25;7; ; 
2019-08-11;25;30;13; ; 
2019-08-12;23;25;7; ; 
2019-08-13;26;26;11; ; 
2019-08-14;21;29;7; ; 
2019-08-15;15;25;7; ; 
2019-08-16;14;25;1; ; 
2019-08-17;19;30;1; ; 
2019-08-18;19;24;1; ; 
2019-08-19;19;29;7; ; 
2019-08-20;27;34;8; ; 
2019-08-21;11;40;16; ; 
2019-08-22;13;45;13; ; 
2019-08-23;11;40;12; ; 
2019-08-24;16;7;8; ; 
2019-08-25;17;68;9; ; 
2019-08-26;16;54;15; ; 
2019-08-27;18;42;17; ; 
2019-08-28;21;39;13;2; 
2019-08-29;20;39;15;2; 
2019-08-30;20;43;16;1; 
2019-08-31;21;40;16; ; 
2019-09-01;19;34;13;1; 
2019-09-02;23;38;13;1; 
2019-09-03;18;40;13; ; 
2019-09-04;16;33;15;1; 
2019-09-05;19;29;12;1; 
2019-09-06;19;29;9;1; 
2019-09-07;20;8;10;1; 
2019-09-08;19; ;20;1; 
2019-09-09;21;11;17;5; 
2019-09-10;20;27;13;3; 
2019-09-11;12;23;18;2; 
2019-09-12;15;31;10;2; 
2019-09-13;17;23;19;1; 
2019-09-14;21;29;13;1; 
2019-09-15;30;27;18;2; 
2019-09-16;44;26;14;1; 
2019-09-17;51;34;16;2; 
2019-09-18;46;32;15;2; 
2019-09-19;36;23;13;3; 
2019-09-20;36;24;14;2; 
2019-09-21;41;26;13;4; 
2019-09-22;37;25;8;1; 
2019-09-23;18;29;18;1; 
2019-09-24;23;30;20;1; 
2019-09-25;24;30;15;4; 
2019-09-26;26;32;18;2; 
2019-09-27;24;30;13;1; 
2019-09-28;25;33;15; ; 
2019-09-29;27;30;17;1; 
2019-09-30;35;29;23;2; 
2019-04-01;19;28;17; ; 
2019-04-02;29;29;12; ; 
2019-04-03;29;31;18; ; 
2019-04-04;20;31;19; ; 
2019-04-05;18;27;22; ; 
2019-04-06;10;33;13; ; 
2019-04-07;9;22;24; ; 
2019-04-08;18;30;19; ; 
2019-04-09;14;30;21; ; 
2019-04-10;13;30;20; ; 
2019-04-11;11;33;20; ; 
2019-04-12;15;34;17; ; 
2019-04-13;20;35;16; ; 
2019-04-14;21;34;17; ; 
2019-04-15;28;34;11; ; 
2019-04-16;20;32;5; ; 
2019-04-17;22;26;20; ; 
2019-04-18;17;26;15; ; 
2019-04-19;4;33;13; ; 
2019-04-20;3;29;16; ; 
2019-04-21;11;27;19; ; 
2019-04-22;3;27;15; ; 
2019-04-23;25;28;15; ; 
2019-04-24;2;20;13; ; 
2019-04-25;9;26;19; ; 
2019-04-26;2;32;17; ; 
2019-04-27;10;31;11; ; 
2019-04-28;13;29;12; ; 
2019-04-29;6;29;11; ; 
2019-04-30;9;31;8; ; 
2019-05-01;10;33;11; ; 
2019-05-03;1;39;12; ; 
2019-05-07;36;32;13; ; 
2019-05-08;42;29;17; ; 
2019-05-09;16;30;16; ; 
2019-05-10;20;36;13; ; 
2019-05-11;16;38;5; ; 
2019-05-12;15;42;9; ; 
2019-05-13;23;40;16; ; 
2019-05-14;21;50;14; ; 
2019-05-15;22;47;6; ; 
2019-05-16;22;33;13; ; 
2019-05-17;19;37;15; ; 
2019-05-18;18;29;13; ; 
2019-05-19;15;29;14; ; 
2019-05-20;20;24;10; ; 
2019-05-21;25;34;17; ; 
2019-05-22;20;34;16; ; 
2019-05-23;23;38;15; ; 
2019-05-24;29;32;12; ; 
2019-05-25;14;35;12; ; 
2019-05-26;15;34;13; ; 
2019-05-27;18;37;6; ; 
2019-05-28;23;31;8; ; 
2019-05-29;16;30;9; ; 
2019-05-30;17;32;9; ; 
2019-05-31;17;41;9; ; 
2019-06-01;15;41;8; ; 
2019-06-02;12;41;10; ; 
2019-06-03;16;37;11; ; 
2019-06-04;23;28;8; ; 
2019-06-05;24;31;16; ; 
2019-06-06;22;42;15; ; 
2019-06-07;29;40;10; ; 
2019-06-08;28;39;10; ; 
2019-06-09;24;42;10; ; 
2019-06-10;26;40;10; ; 
2019-06-11;31;38;5; ; 
2019-06-12;15;38;4; ; 
2019-06-13;18;37;11; ; 
2019-06-14;25;44;10; ; 
2019-06-15;23;37;5; ; 
2019-06-16;26;46;15; ; 
2019-06-17;24;42;13; ; 
2019-06-18;27;44;14; ; 
2019-06-19;31;38;13; ; 
2019-06-20;24;40;10; ; 
2019-06-21;29;39;7; ; 
2019-06-22;23;38;6; ; 
2019-06-23;20;42;12; ; 
2019-06-24;31;41;7; ; 
2019-06-25;29;39;9; ; 
2019-06-26;36;44;13; ; 
2019-06-27;28;44;15; ; 
2019-06-28;26;48;12; ; 
2019-06-29;23;45;9; ; 
2019-06-30;17;44;12; ; 
2019-01-01;42;9;24; ; 
2019-01-02;34;6;29; ; 
2019-01-03;52;9;29; ; 
2019-01-04;51;11;25; ; 
2019-01-05;42;16;23; ; 
2019-01-06;34;11;14; ; 
2019-01-07;42;7;1; ; 
2019-01-08;42;15;32; ; 
2019-01-09;28;25;26; ; 
2019-01-10;24;18;32; ; 
2019-01-11;42;21;28; ; 
2019-01-12;56;19;13; ; 
2019-01-13;37;17;23; ; 
2019-01-14;29;17;29; ; 
2019-01-15;43;18;27; ; 
2019-01-16;45;15;32; ; 
2019-01-17;41;16;22; ; 
2019-01-18;47;23; ; ; 
2019-01-19;28;11; ; ; 
2019-01-20;36;21;24; ; 
2019-01-21;13;17;29; ; 
2019-01-22;19;26;19; ; 
2019-01-23;13;29;15; ; 
2019-01-24;10;24;20; ; 
2019-01-25;11;25;21; ; 
2019-01-26;18;28;16; ; 
2019-01-27;24;25;1; ; 
2019-01-28;13;21;27; ; 
2019-01-29;16;26;22; ; 
2019-01-30;26;21;18; ; 
2019-01-31;22;30;15; ; 
2019-02-01;13;37;8; ; 
2019-02-02;9;34;6; ; 
2019-02-03;7;28;21; ; 
2019-02-04;15;18;27; ; 
2019-02-05;32;16;27; ; 
2019-02-06;36;18;25; ; 
2019-02-07;35;19;26; ; 
2019-02-08;44;25;23; ; 
2019-02-09;44;22;20; ; 
2019-02-10;34;21;18; ; 
2019-02-11;22;25;19; ; 
2019-02-12;32;24;22; ; 
2019-02-13;31;27;21; ; 
2019-02-14;30;29;16; ; 
2019-02-15;24;30;16; ; 
2019-02-16;22;27;16; ; 
2019-02-17;28;26;21; ; 
2019-02-18;36;28;23; ; 
2019-02-19;38;29;21; ; 
2019-02-20;37;26;24; ; 
2019-02-21;42;21;24; ; 
2019-02-22;44;26;21; ; 
2019-02-23;35;32;17; ; 
2019-02-24;1;27;20; ; 
2019-02-25;36;26;25; ; 
2019-02-26;39;24;25; ; 
2019-02-27;37;25;25; ; 
2019-02-28;37;26;28; ; 
2019-03-01;51;30;22; ; 
2019-03-02;47;28;20; ; 
2019-03-03;36;26;25; ; 
2019-03-04;37;16;23; ; 
2019-03-05;36;21;13; ; 
2019-03-06;43;28;21; ; 
2019-03-07;16;26;20; ; 
2019-03-08;20;34;17; ; 
2019-03-09;29;30;17; ; 
2019-03-10;28;27;17; ; 
2019-03-11;30;26;21; ; 
2019-03-12;28;23;14; ; 
2019-03-13;33;28;19; ; 
2019-03-14;20;32;20; ; 
2019-03-15;13;34;19; ; 
2019-03-16;13;35;19; ; 
2019-03-17;11;31;9; ; 
2019-03-18;22;33;10; ; 
2019-03-19;27;29;10; ; 
2019-03-20;13;38;18; ; 
2019-03-21;15;37;21; ; 
2019-03-22;16;29;25; ; 
2019-03-23;37;35;16; ; 
2019-03-24;36;34;19; ; 
2019-03-25;22;38;18; ; 
2019-03-26;18;36;17; ; 
2019-03-27;24;37;19; ; 
2019-03-28;23;37;20; ; 
2019-03-29;28;39;15; ; 
2019-03-30;27;26;16; ; 
2019-03-31;18;27;17; ; 
2018-10-01;31;34;12; ; 
2018-10-02;21;34;14; ; 
2018-10-03;28;34;18; ; 
2018-10-04;30;29;21; ; 
2018-10-05;27;33;20; ; 
2018-10-06;29;33;18; ; 
2018-10-07;23;32;13; ; 
2018-10-08;19;22;22; ; 
2018-10-09;17;27;20; ; 
2018-10-10;17;22;21; ; 
2018-10-11;30;32;15; ; 
2018-10-12;25;27;13; ; 
2018-10-13;24;21;15; ; 
2018-10-14;24;24;23; ; 
2018-10-15;11;23;20; ; 
2018-10-16;19;29;20; ; 
2018-10-17;19;27;18; ; 
2018-10-18;21;22;21; ; 
2018-10-19;15;29;17; ; 
2018-10-20;21;28;9; ; 
2018-10-21;19;25;17; ; 
2018-10-22;33;24;20; ; 
2018-10-23;38;22;23; ; 
2018-10-24;30;22;24; ; 
2018-10-25;28;17;26; ; 
2018-10-26;31;20;21; ; 
2018-10-27;26;27;11; ; 
2018-10-28;6;28;16; ; 
2018-10-29;8;18;25; ; 
2018-10-30;20;24;24; ; 
2018-10-31;15;23;19; ; 
2018-11-01;17;15;22; ; 
2018-11-02;20;25;21; ; 
2018-11-03;22;22; ; ; 
2018-11-04;25;6; ; ; 
2018-11-05;34;24;23; ; 
2018-11-06;17;19;28; ; 
2018-11-07;27;20;26; ; 
2018-11-08;36;25;22; ; 
2018-11-09;12;23;20; ; 
2018-11-10;19;24;19; ; 
2018-11-11;25;16;20; ; 
2018-11-12;38;15;24; ; 
2018-11-13;37;22;24; ; 
2018-11-14;36;21;22; ; 
2018-11-15;23;19;20; ; 
2018-11-16;24;21;10; ; 
2018-11-17;18;25; ; ; 
2018-11-18;22;22; ; ; 
2018-11-19;14;10; ; ; 
2018-11-20;19;14;41; ; 
2018-11-21;35;5;32; ; 
2018-11-22;41;7;33; ; 
2018-11-23;35;17;29; ; 
2018-11-24;24;16;26; ; 
2018-11-25;27;25;20; ; 
2018-11-26;14;20;28; ; 
2018-11-27;18;15;32; ; 
2018-11-28;29;13;32; ; 
2018-11-29;36;18;29; ; 
2018-11-30;31;19;30; ; 
2018-12-01;23;18;25; ; 
2018-12-02;32;8;33; ; 
2018-12-03;24;10;31; ; 
2018-12-04;36;9;30; ; 
2018-12-05;15;20;24; ; 
2018-12-06;1;11;24; ; 
2018-12-07;1;20;17; ; 
2018-12-08;1;15;10; ; 
2018-12-09;1;15;26; ; 
2018-12-10;32;9;27; ; 
2018-12-11;44;13;29; ; 
2018-12-12;36;21;23; ; 
2018-12-13;26;30;17; ; 
2018-12-14;9;16;26; ; 
2018-12-15;19;15;21; ; 
2018-12-16;28;15;30; ; 
2018-12-17;19;10;29; ; 
2018-12-18;41;8;29; ; 
2018-12-19;37;13;26; ; 
2018-12-20;16;10;29; ; 
2018-12-21;28;10;25; ; 
2018-12-22;35;10;22; ; 
2018-12-23;40;9;23; ; 
2018-12-24;41;11;18; ; 
2018-12-25;54;6;15; ; 
2018-12-26;43;7;23; ; 
2018-12-27;46;11;24; ; 
2018-12-28;47;10;22; ; 
2018-12-29;41;13;21; ; 
2018-12-30;37; ; ; ; 
2018-07-05;28;41;16;1; 
2018-07-06;31;44;11;1; 
2018-07-07;22;45;8;1; 
2018-07-08;22;49;8;1; 
2018-07-09;25;52;13;1; 
2018-07-10;30;54;13;1; 
2018-07-11;45;55;13;1; 
2018-07-12;39;50;11;2; 
2018-07-13;30;44;10;1; 
2018-07-14;35;45;10;1; 
2018-07-15;33;48;10;1; 
2018-07-16;28;37;14; ; 
2018-07-17;30;44;14;1; 
2018-07-18;26;47;13;1; 
2018-07-19;31;48;12;1; 
2018-07-20;31;47;13;2; 
2018-07-21;29;44;9;1; 
2018-07-22;25;40;5;1; 
2018-07-23;21;43;10;1; 
2018-07-24;26;52;14;1; 
2018-07-25;38;45;9;1; 
2018-07-26;32;47;10;1; 
2018-07-27;29;44;8;2; 
2018-07-28;25;52;9;2; 
2018-07-29;29;57;8;3; 
2018-07-30;33;45;11;3; 
2018-07-31;31;46;8;2; 
2018-08-01;27;42;7;3; 
2018-08-02;27;48;10;3; 
2018-08-03;32;58;12;3; 
2018-08-04;27;51;8;3; 
2018-08-05;25;65;10;3; 
2018-08-06;27;59;15;3; 
2018-08-07;28;55;8;3; 
2018-08-08;15;39;19;2; 
2018-08-09;25;36;19;2; 
2018-08-10;29;27;7;2; 
2018-08-11;17;21;3;2; 
2018-08-12;17;22;4;1; 
2018-08-13;29;26;8;1; 
2018-08-14;35;25;8;37; 
2018-08-15;20;23;4;252; 
2018-08-16;20;21;14;252; 
2018-08-17;18;26;14; ; 
2018-08-18;14;27;8; ; 
2018-08-19;10;26;7; ; 
2018-08-20;14;31;11; ; 
2018-08-21;17;32;13; ; 
2018-08-22;22;32;13; ; 
2018-08-23;25;30;13; ; 
2018-08-24;18;34;17; ; 
2018-08-25;26;31;9; ; 
2018-08-26;17;28;6; ; 
2018-08-27;19;32;9; ; 
2018-08-28;20;30;11; ; 
2018-08-29;12;32;10; ; 
2018-08-30;17;33;8; ; 
2018-08-31;22;34;10; ; 
2018-09-01;26;37;8; ; 
2018-09-02;20;36;7; ; 
2018-09-03;21;32;11; ; 
2018-09-04;29;39;15; ; 
2018-09-05;39;38;16; ; 
2018-09-06;38;39;16; ; 
2018-09-07;31;40;12; ; 
2018-09-08;26;24;16; ; 
2018-09-09;15;26;14; ; 
2018-09-10;17;38;16; ; 
2018-09-11;18;34;13; ; 
2018-09-12;29;33;15; ; 
2018-09-13;38;38;14; ; 
2018-09-14;30;37;13; ; 
2018-09-15;15;28;13; ; 
2018-09-16;15;34;12; ; 
2018-09-17;24;29;14; ; 
2018-09-18;38;32;15; ; 
2018-09-19;30;35;14; ; 
2018-09-20;31;36;15; ; 
2018-09-21;30;32;18; ; 
2018-09-22;30;42;16; ; 
2018-09-23;23;42;15; ; 
2018-09-24;24;38;16; ; 
2018-09-25;24;26;14; ; 
2018-09-26;19;33;11; ; 
2018-09-27;21;36;9; ; 
2018-09-28;22;36;15; ; 
2018-09-29;41;41;13; ; 
2018-09-30;13;40;11; ; 
2018-01-05;27;21;18;4; 
2018-01-06;32;23;20;4; 
2018-01-07;17;17;27;4; 
2018-01-08;34;13;28;3; 
2018-01-09;43;12;25;3; 
2018-01-10;37;29;19;1; 
2018-01-11;11;24;26;4; 
2018-01-12;21;17;26;1; 
2018-01-13;42;24;20;2; 
2018-01-14;28;15;24;3; 
2018-01-15;21;15;25;2; 
2018-01-16;28;19;24;5; 
2018-01-17;26;22;23;4; 
2018-01-18;43;7;31;3; 
2018-01-19;51;22;24;3; 
2018-01-20;29;26;18;2; 
2018-01-21;19;19;25;4; 
2018-01-22;24;18;23;4; 
2018-01-23;28;18;23;2; 
2018-01-24;38;15;22;3; 
2018-01-25;52;24;17;1; 
2018-01-26;13;29;11;2; 
2018-01-27;7;29;10;4; 
2018-01-28;17;29;17;5; 
2018-01-29;32;15;21;3; 
2018-01-30;37;24;21;2; 
2018-01-31;33;19;25;4; 
2018-02-01;38;21;24;8; 
2018-02-02;6;29;20;2; 
2018-02-03;15;22;23;5; 
2018-02-04;33;21;26;3; 
2018-02-05;22;18;24;1; 
2018-02-06;10;24;24;2; 
2018-02-07;1;21;26;1; 
2016-10-01;36;39;21;2; 
2016-10-02;28;35;17;2; 
2016-10-03;34;33;19;2; 
2016-10-04;23;12;14;2; 
2016-10-05;30;27;20;2; 
2016-10-06;33;37;20;2; 
2016-10-07;43;40;13;2; 
2016-10-08;51;39;8;1; 
2016-10-09;39;32;16;2; 
2016-10-10;35;31; ;2; 
2016-10-11;40;31; ;2; 
2016-10-12;33;18; ;3; 
2016-10-13;22;20; ;2; 
2016-10-14;18;38; ;2; 
2016-10-15;22;37; ;1; 
2016-10-16;25;32; ;3; 
2016-10-17;26;31; ;2; 
2016-10-18;35;28; ;1; 
2016-10-19;20;18; ;3; 
2016-10-20;35;20; ;1; 
2016-10-21;22;28; ;2; 
2016-10-22;23;24; ;2; 
2016-10-23;33;24; ;2; 
2016-10-24;24;14; ;2; 
2016-10-25;59;16; ;1; 
2016-10-26;87;22; ;2; 
2016-10-27;61;29; ;3; 
2016-10-28;35;33; ;2; 
2016-10-29;26;34; ;3; 
2016-10-30;23;32; ;2; 
2016-10-31;25;35; ;2; 
2016-11-01;26;19; ;2; 
2016-11-02;28;14; ;2; 
2016-11-03;45;13; ;2; 
2016-11-04;56;19; ;1; 
2016-11-05;39;30; ;3; 
2016-11-06;8;23; ;2; 
2016-11-07;13;25; ;4; 
2016-11-08;15;22; ;4; 
2016-11-09;21;24; ;6; 
2016-11-10;23;22; ;2; 
2016-11-11;28;22; ;2; 
2016-11-12;29;25; ;2; 
2016-11-13;38;22;19;2; 
2016-11-14;31;20;16;5; 
2016-11-15;17; ; ; ; 
2016-07-01;33;43;10;4; 
2016-07-02;27;37;7;2; 
2016-07-03;27;32;11;3; 
2016-07-04;31;43;15;3; 
2016-07-05;19;41;14;1; 
2016-07-06;25;38;14;1; 
2016-07-07;26;45;17;1; 
2016-07-08;27;45;13;1; 
2016-07-09;24;49;9;2; 
2016-07-10;29;48;15;3; 
2016-07-11;33;50;13;2; 
2016-07-12;40;35;7;2; 
2016-07-13;34;35;6;2; 
2016-07-14;23;33;6;3; 
2016-07-15;25;41;8;3; 
2016-07-16;23;44;7;3; 
2016-07-17;17;42;11;1; 
2016-07-18;19;42;11;1; 
2016-07-19;21;35;14; ; 
2016-07-20;29;46;19; ; 
2016-07-21;43;41;10; ; 
2016-07-22;37;45;9; ; 
2016-07-23;27;44;7; ; 
2016-07-24;19;42;13; ; 
2016-07-25;19;45;12; ; 
2016-07-26;23;44;12; ; 
2016-07-27;25;39;12; ; 
2016-07-28;24;41;12; ; 
2016-07-29;23;45;11; ; 
2016-07-30;34;38;12; ; 
2016-07-31;46;30;8; ; 
2016-08-01;35;31;8; ; 
2016-08-02;23;35;12; ; 
2016-08-03;26;51;14; ; 
2016-08-04;30;32;10; ; 
2016-08-05;33;31;6; ; 
2016-08-06;20;38;6; ; 
2016-08-07;21;41;11; ; 
2016-08-08;20;46;13; ; 
2016-08-09;24;34;10;1; 
2016-08-10;25;39;9;1; 
2016-08-11;21;39;9;1; 
2016-08-12;24;41;9;1; 
2016-08-13;18;43;6;2; 
2016-08-14;23;39;7;2; 
2016-08-15;19;32;17;1; 
2016-08-16;24;38;19;1; 
2016-08-17;41;40;14;2; 
2016-08-18;43;45;11;2; 
2016-08-19;43;44;10;1; 
2016-08-20;30;33;4;2; 
2016-08-21;31;34;7;1; 
2016-08-22;24;38;9;1; 
2016-08-23;24;41;11;2; 
2016-08-24;23;44;12;2; 
2016-08-25;19;43;12;2; 
2016-08-26;22;42;10;2; 
2016-08-27;28;37;7;2; 
2016-08-28;28;36;9;2; 
2016-08-29;30;33;10;2; 
2016-08-30;25;34;9;2; 
2016-08-31;26;34;12;1; 
2016-09-01;25;40;13;2; 
2016-09-02;26;43;12;2; 
2016-09-03;26;45;16;2; 
2016-09-04;26;43;23;2; 
2016-09-05;42;46;23;1; 
2016-09-06;46;40;18;2; 
2016-09-07;37;36;11;1; 
2016-09-08;25;38;12;2; 
2016-09-09;26;41;11;2; 
2016-09-10;26;39;10;1; 
2016-09-11;27;35;12;1; 
2016-09-12;24;36;13;1; 
2016-09-13;29;28;21;2; 
2016-09-14;17;34;24;2; 
2016-09-15;24;29;22;2; 
2016-09-16;23;38;17;1; 
2016-09-17;30;32;10;1; 
2016-09-18;19;31;16;1; 
2016-09-19;20;32;18;2; 
2016-09-20;29;42;19;3; 
2016-09-21;36;42;20;2; 
2016-09-22;37;37;19;2; 
2016-09-23;33;40;12;4; 
2016-09-24;23;41;12;2; 
2016-09-25;20;35;14;1; 
2016-09-26;23;36;15;2; 
2016-09-27;24;37;13;2; 
2016-09-28;25;33;17;2; 
2016-09-29;26;35;19;2; 
2016-09-30;27;38;22;2; 
2016-04-01;37;38;18; ; 
2016-04-02;24;40;17; ; 
2016-04-03;23;30;23; ; 
2016-04-04;31;21;19; ; 
2016-04-05;21;30;16; ; 
2016-04-18;1;41;13; ; 
2016-04-19;20;38;17; ; 
2016-04-20;22;37;20; ; 
2016-04-21;20;33;22; ; 
2016-04-22;30;32;19; ; 
2016-04-23;36;36;12; ; 
2016-04-24;13;38;13; ; 
2016-04-25;22;38;17; ; 
2016-04-26;27;39;15; ; 
2016-04-27;11;39;9; ; 
2016-04-28;19;35;10; ; 
2016-04-29;19;39;16; ; 
2016-04-30;22;40;10; ; 
2016-05-01;17;42;19; ; 
2016-05-02;19;48;18; ; 
2016-05-03;24;49;17; ; 
2016-05-04;22;41;17; ; 
2016-05-05;24;43;22; ; 
2016-05-06;24;44;12; ; 
2016-05-07;10;33;6; ; 
2016-05-10;14;39;16; ; 
2016-05-11;16;34;23; ; 
2016-05-12;14;32;20; ; 
2016-05-13;12;33;17; ; 
2016-05-14;13;44;14; ; 
2016-05-15;17;48;16; ; 
2016-05-16;19;40;12; ; 
2016-05-17;24;41;15; ; 
2016-05-18;22;42;18; ; 
2016-05-19;8;41;14; ; 
2016-05-20;18;40;9; ; 
2016-05-21;27;45;9; ; 
2016-05-22;22;33;8; ; 
2016-05-23;15;36;9; ; 
2016-05-24;26;39;13; ; 
2016-05-25;34;33;9; ; 
2016-05-26;35;39;13; ; 
2016-05-27;38;41;13; ; 
2016-05-28;36;36;11; ; 
2016-05-29;13;35;19; ; 
2016-05-30;20;38;19; ; 
2016-05-31;26;43;15; ; 
2016-06-01;24;44;12; ; 
2016-06-02;23;42;15; ; 
2016-06-03;22;45;12; ; 
2016-06-04;36;46;12; ; 
2016-06-05;13;44;13; ; 
2016-06-06;12;36;11; ; 
2016-06-07;26;42;14; ; 
2016-06-08;26;55;14; ; 
2016-06-09;34;46;13; ; 
2016-06-10;35;46;8; ; 
2016-06-11;34;47;11; ; 
2016-06-12;24;33;18; ; 
2016-06-13;31;22;18; ; 
2016-06-14;20; ; ; ; 
2016-06-17;21;39;17;4; 
2016-06-18;27;40;9;4; 
2016-06-19;22;40;11;3; 
2016-06-20;16;40;10;2; 
2016-06-21;16;40;12;3; 
2016-06-22;16;43;14;2; 
2016-06-23;17;51;16;3; 
2016-06-24;16;42;12;3; 
2016-06-25;20;37;5;4; 
2016-06-26;22;37;10;3; 
2016-06-27;25;35;13;2; 
2016-06-28;22;38;14;2; 
2016-06-29;24;35;16;2; 
2016-06-30;24;39;11;3; 
2016-01-04;4;24;18; ; 
2016-01-05;16;27;14; ; 
2016-01-06;10;19;13; ; 
2016-01-07;16; ; ; ; 
2016-01-14;1;9;27; ; 
2016-02-03;44;19;24; ; 
2016-02-04;36;25;22; ; 
2016-02-05;36;22;24; ; 
2016-02-06;38;31;19; ; 
2016-02-07;26;23;27; ; 
2016-02-08;24;20;27; ; 
2016-02-09;24;23;29; ; 
2016-02-10;1;18;29; ; 
2016-02-11;26;20;25; ; 
2016-02-12;25;17;15; ; 
2016-02-13;26;33;9; ; 
2016-02-14;16;32;14; ; 
2016-02-15;10;28;25; ; 
2016-02-16;14;27;30; ; 
2016-02-17;32;21;25; ; 
2016-02-18;32; ; ; ; 
2016-02-26;27;29;15; ; 
2016-02-27;15;30;10; ; 
2016-02-28;10;29;16; ; 
2016-02-29;33;31;16; ; 
2016-03-01;18;25;26; ; 
2016-03-02;27;69;29; ; 
2016-03-03;59;34;37; ; 
2016-03-04;43;32;12; ; 
2016-03-05;17;32;14; ; 
2016-03-06;13;16;26; ; 
2016-03-07;21;28;19; ; 
2016-03-08;12;23;24; ; 
2016-03-09;22;28;16; ; 
2016-03-10;12;29;24; ; 
2016-03-11;15;39;20; ; 
2016-03-12;27;42;18; ; 
2016-03-13;29;37;21; ; 
2016-03-14;28;37;21; ; 
2016-03-15;38;33;22; ; 
2016-03-16;36;37;18; ; 
2016-03-17;25;34;17; ; 
2016-03-18;29;38;14; ; 
2016-03-19;31;37;11; ; 
2016-03-20;33;23;19; ; 
2016-03-21;24;20;25; ; 
2016-03-22;37;31;23; ; 
2016-03-23;21;39;20; ; 
2016-03-24;20;40;17; ; 
2016-03-25;24;42;23; ; 
2016-03-26;26;28;18; ; 
2016-03-27;23;33;23; ; 
2016-03-28;21;37;19; ; 
2016-03-29;31;40;21; ; 
2016-03-30;31;34;21; ; 
2016-03-31;31;32;13; ; 
2015-10-01;26;34;27; ; 
2015-10-02;26;35;25; ; 
2015-10-03;36;36;19; ; 
2015-10-04;28;15;25; ; 
2015-10-05;41;21;19; ; 
2015-10-06;30;29;15; ; 
2015-10-07;26;28;11; ; 
2015-10-08;22;31;11; ; 
2015-10-09;17;31;13; ; 
2015-10-10;24;28;12; ; 
2015-10-11;23;28;12; ; 
2015-10-12;20;22;16; ; 
2015-10-13;25;28;14; ; 
2015-10-14;16;29;19; ; 
2015-10-15;17;31;18; ; 
2015-10-16;31;36;15; ; 
2015-10-17;25;37;14; ; 
2015-10-18;22;31;19; ; 
2015-10-19;20;19;24; ; 
2015-10-20;25;24;19; ; 
2015-10-21;35;25;24; ; 
2015-10-22;21;25;26; ; 
2015-10-23;30;22;23; ; 
2015-10-24;47;25;17; ; 
2015-10-25;29;18;21; ; 
2015-10-26;23;19;25; ; 
2015-10-27;27;25;27; ; 
2015-10-28;17;22;28; ; 
2015-10-29;45;28;25; ; 
2015-10-30;29;32;19; ; 
2015-10-31;27;34;12; ; 
2015-11-01;20;29;23; ; 
2015-11-02;18;18;28; ; 
2015-11-03;25;17;27; ; 
2015-11-04;29;19;28; ; 
2015-11-05;34;28;24; ; 
2015-11-06;28;29;18; ; 
2015-11-07;33;28;16; ; 
2015-11-08;25;25;22; ; 
2015-11-09;24;21;28; ; 
2015-11-10;32;22;24; ; 
2015-11-11;65;20;27; ; 
2015-11-12;46;23;26; ; 
2015-11-13;36;21;22; ; 
2015-11-14;40;22;21; ; 
2015-11-15;36;15;30; ; 
2015-11-16;33;19;30; ; 
2015-11-17;36;16;34; ; 
2015-11-18;35;15;31; ; 
2015-11-19;43;11;32; ; 
2015-11-20;45;22;26; ; 
2015-11-21;37;27;16; ; 
2015-11-22;13;19;26; ; 
2015-11-23;18;18;31; ; 
2015-11-24;27;20;31; ; 
2015-11-25;27;29;19; ; 
2015-11-26;26;25;23; ; 
2015-11-27;21;19;30; ; 
2015-11-28;34;21;26; ; 
2015-11-29;35;12;34; ; 
2015-11-30;37;15;34; ; 
2015-12-01;55;14;39; ; 
2015-12-02;50;17;33; ; 
2015-12-03;52;16;33; ; 
2015-12-04;61;15;38; ; 
2015-12-05;76;21;27; ; 
2015-12-06;66;24;24; ; 
2015-12-07;51;23;22; ; 
2015-12-08;44;17;25; ; 
2015-12-09;30;4;34; ; 
2015-12-10;54;12;30; ; 
2015-12-11;41;16;26; ; 
2015-12-12;40;15;27; ; 
2015-12-13;39;8;34; ; 
2015-12-14;52;9;36; ; 
2015-12-15;17;9;40; ; 
2015-12-21;57;14;27; ; 
2015-12-22;65;16;23; ; 
2015-12-23;50;17;29; ; 
2015-12-24;60;18;19; ; 
2015-12-25;61;22;21; ; 
2015-12-26;50;20;19; ; 
2015-12-27;16;16;28; ; 
2015-12-28;38;8;29; ; 
2015-12-29;60;14;27; ; 
2015-12-30;36; ; ; ; 
2015-07-01;32;47;16; ; 
2015-07-02;27;40;6; ; 
2015-07-03;41;49;11; ; 
2015-07-04;34;51;10; ; 
2015-07-05;26;45;15; ; 
2015-07-06;28;47;20; ; 
2015-07-07;27;55;19; ; 
2015-07-08;41;39;6; ; 
2015-07-09;28;41;11; ; 
2015-07-10;42;36;7; ; 
2015-07-11;33;40;5; ; 
2015-07-12;22;39;10; ; 
2015-07-13;25;39;9; ; 
2015-07-14;29;41;10; ; 
2015-07-15;22;51;13; ; 
2015-07-16;22;44;11; ; 
2015-07-17;41;40;8; ; 
2015-07-18;34;48;7; ; 
2015-07-19;24;43;12; ; 
2015-07-20;30;43;14; ; 
2015-07-21;30;42;13; ; 
2015-07-22;44;48;15; ; 
2015-07-23;33;44;18; ; 
2015-07-24;24;42;15; ; 
2015-07-25;29;37;6; ; 
2015-07-26;23;44;18; ; 
2015-07-27;30;36;7; ; 
2015-07-28;31;40;12; ; 
2015-07-29;29;34;10; ; 
2015-07-30;26;32;8; ; 
2015-07-31;15;44;5; ; 
2015-08-01;18;45;4; ; 
2015-08-02;19;40;11; ; 
2015-08-03;32;42;14; ; 
2015-08-04;73;43;7; ; 
2015-08-05;42;36;10; ; 
2015-08-06;29;41;14; ; 
2015-08-07;38;40;16; ; 
2015-08-08;64;37;4; ; 
2015-08-09;41;35;38; ; 
2015-08-10;38;40;7; ; 
2015-08-11;38;41;12; ; 
2015-08-12;40;33;17; ; 
2015-08-13;28;40;25; ; 
2015-08-14;21;44;13; ; 
2015-08-15;29;40;5; ; 
2015-08-16;21;37;15; ; 
2015-08-17;29;32;9; ; 
2015-08-18;32;36;6; ; 
2015-08-19;23;37;7; ; 
2015-08-20;19;40;11; ; 
2015-08-21;26;40;9; ; 
2015-08-22;23;39;10; ; 
2015-08-23;26;37;21; ; 
2015-08-24;22;37;18; ; 
2015-08-25;29;35;10; ; 
2015-08-26;28;36;11; ; 
2015-08-27;26;36;11; ; 
2015-08-28;33;36;8; ; 
2015-08-29;26;34;7; ; 
2015-08-30;38;31;14; ; 
2015-08-31;47;32;15; ; 
2015-09-01;51;33;11; ; 
2015-09-02;31;38;16; ; 
2015-09-03;34;40;18; ; 
2015-09-04;41;37;10; ; 
2015-09-05;24;26;13; ; 
2015-09-06;15;25;19; ; 
2015-09-07;15;35;16; ; 
2015-09-08;18;37;20; ; 
2015-09-09;21;36;22; ; 
2015-09-10;32;46;21; ; 
2015-09-11;23;39;20; ; 
2015-09-12;32;42;20; ; 
2015-09-13;34;39;29; ; 
2015-09-14;28;41;21; ; 
2015-09-15;33;29;24; ; 
2015-09-16;30;33;18; ; 
2015-09-17;21;35;20; ; 
2015-09-18;23;35;13; ; 
2015-09-19;21;40;16; ; 
2015-09-20;24;32;25; ; 
2015-09-21;25;40;22; ; 
2015-09-22;35;37;22; ; 
2015-09-23;30;36;14; ; 
2015-09-24;26;33;21; ; 
2015-09-25;24;38;16; ; 
2015-09-26;33;36;10; ; 
2015-09-27;13;35;16; ; 
2015-09-28;64;31;21; ; 
2015-09-29;23;34;23; ; 
2015-09-30;18;35;22; ; 
2015-04-01;28;37;16; ; 
2015-04-02;27;40;11; ; 
2015-04-03;28;36;10; ; 
2015-04-04;28;39;9; ; 
2015-04-05;19;37;8; ; 
2015-04-06;15;40;10; ; 
2015-04-07;21;41;7; ; 
2015-04-08;17;41;10; ; 
2015-04-09;19;45;20; ; 
2015-04-10;28;30;23; ; 
2015-04-11;36;44;13; ; 
2015-04-12;29;44;16; ; 
2015-04-13;28;39;22; ; 
2015-04-14;43;35;21; ; 
2015-04-15;45;31;22; ; 
2015-04-16;31;34;24; ; 
2015-04-17;23;41;16; ; 
2015-04-18;27;38;13; ; 
2015-04-19;17;41;15; ; 
2015-04-20;20;40;14; ; 
2015-04-21;23;43;14; ; 
2015-04-22;19;43;18; ; 
2015-04-23;33;42;18; ; 
2015-04-24;45;39;15; ; 
2015-04-25;41;30;16; ; 
2015-04-26;25;33;19; ; 
2015-04-27;11;38;20; ; 
2015-04-28;14;40;18; ; 
2015-04-29;23;43;18; ; 
2015-04-30;31;49;16; ; 
2015-05-01;11;46;17; ; 
2015-05-04;24;37;23; ; 
2015-05-05;31;41;20; ; 
2015-05-06;23;43;16; ; 
2015-05-07;31;39;17; ; 
2015-05-08;27;42;17; ; 
2015-05-09;25;42;9; ; 
2015-05-10;31;46;16; ; 
2015-05-11;20;47;20; ; 
2015-05-12;25;59;22; ; 
2015-05-13;31;37;29; ; 
2015-05-14;46;41;14; ; 
2015-05-15;34;44;12; ; 
2015-05-16;24;48;13; ; 
2015-05-17;19;42;14; ; 
2015-05-18;18;40;13; ; 
2015-05-19;25;37;10; ; 
2015-05-20;23;40;12; ; 
2015-05-21;20;40;12; ; 
2015-05-22;19;45;11; ; 
2015-05-23;22;44;12; ; 
2015-05-24;18;47;15; ; 
2015-05-25;18;44;21; ; 
2015-05-26;24;48;11; ; 
2015-05-27;27;43;11; ; 
2015-05-28;22;43;15; ; 
2015-05-29;23;49;12; ; 
2015-05-30;22;43;9; ; 
2015-05-31;25;42;12; ; 
2015-06-01;18;42;12; ; 
2015-06-02;22;41;16; ; 
2015-06-03;22;42;17; ; 
2015-06-04;23;43;16; ; 
2015-06-05;26;44;12; ; 
2015-06-06;23;47;9; ; 
2015-06-07;19;28;19; ; 
2015-06-08;21; ; ; ; 
2015-06-10;26;33;22; ; 
2015-06-11;29;37;22; ; 
2015-06-12;25;40;15; ; 
2015-06-13;25;41;14; ; 
2015-06-14;18;34;19; ; 
2015-06-15;20;39;17; ; 
2015-06-16;31;50;15; ; 
2015-06-17;23;47;12; ; 
2015-06-18;17;56;17; ; 
2015-06-19;21;49;13; ; 
2015-06-20;23;45;6; ; 
2015-06-21;18;46;13; ; 
2015-06-22;17;47;19; ; 
2015-06-23;25;49;15; ; 
2015-06-24;33;45;12; ; 
2015-06-25;18;52;20; ; 
2015-06-26;23;59;16; ; 
2015-06-27;24;61;15; ; 
2015-06-28;23;47;12; ; 
2015-06-29;29;48;15; ; 
2015-06-30;30;45;15; ; 
2015-01-01;43;14;34; ; 
2015-01-02;1;16;31; ; 
2015-01-05;45;21;26; ; 
2015-01-06;47;15;37; ; 
2015-01-07;52;12;40; ; 
2015-01-08;59;14;37; ; 
2015-01-09;50;16;31; ; 
2015-01-10;1;23;25; ; 
2015-01-12;48;14;38; ; 
2015-01-13;57;15;45; ; 
2015-01-14;54;14;37; ; 
2015-01-15;56;3;27; ; 
2015-01-16;73;25;31; ; 
2015-01-17;1;17;27; ; 
2015-01-19;22;21;40; ; 
2015-01-20;25;20;29; ; 
2015-01-21;32;24;25; ; 
2015-01-22;14;24;31; ; 
2015-01-23;16;26;23; ; 
2015-01-24;1;28;21; ; 
2015-01-26;39;19;21; ; 
2015-01-27;41;24;19; ; 
2015-01-28;19;20;26; ; 
2015-01-29;34;24;19; ; 
2015-01-30;30;31;7; ; 
2015-01-31;14;32;10; ; 
2015-02-01;25;23;21; ; 
2015-02-02;20;26;17; ; 
2015-02-03;15;30;13; ; 
2015-02-04;13;30;11; ; 
2015-02-05;10;27;20; ; 
2015-02-06;11;20;24; ; 
2015-02-07;41;26;20; ; 
2015-02-08;37;17;23; ; 
2015-02-09;44;17;21; ; 
2015-02-10;39;25;21; ; 
2015-02-11;31;10;35; ; 
2015-02-12;43;20;28; ; 
2015-02-13;35;26;26; ; 
2015-02-14;35;24;20; ; 
2015-02-15;24;22;22; ; 
2015-02-16;14;26;19; ; 
2015-02-17;19;30;15; ; 
2015-02-18;18;38;20; ; 
2015-02-19;31;34;21; ; 
2015-02-20;29;25;23; ; 
2015-02-21;35;36;9; ; 
2015-02-22;10;22;23; ; 
2015-02-23;20;33;13; ; 
2015-02-24;13;30;16; ; 
2015-02-25;10;30;16; ; 
2015-02-26;27;29;17; ; 
2015-02-27;15;33;17; ; 
2015-02-28;19;28;20; ; 
2015-03-01;20;25;24; ; 
2015-03-02;25;27;21; ; 
2015-03-03;36;29;18; ; 
2015-03-04;41;33;23; ; 
2015-03-05;16;32;31; ; 
2015-03-06;34;38;22; ; 
2015-03-07;34;41;16; ; 
2015-03-08;34;36;24; ; 
2015-03-09;28;38;23; ; 
2015-03-10;34;36;26; ; 
2015-03-11;39;38;28; ; 
2015-03-12;43;45;17; ; 
2015-03-13;43;31;17; ; 
2015-03-14;34;34;18; ; 
2015-03-15;21;37;15; ; 
2015-03-16;21;38;17; ; 
2015-03-17;23;31;29; ; 
2015-03-18;19;35;16; ; 
2015-03-19;24;31;21; ; 
2015-03-20;31;34;19; ; 
2015-03-21;26;34;14; ; 
2015-03-22;23;31;15; ; 
2015-03-23;27;28;22; ; 
2015-03-24;25;30;20; ; 
2015-03-25;13;33;18; ; 
2015-03-26;22;25;19; ; 
2015-03-27;15;31;15; ; 
2015-03-28;9;36;17; ; 
2015-03-29;19;31;28; ; 
2015-03-30;22;36;30; ; 
2015-03-31;24;35;16; ; 
2014-10-01;28;28;18; ; 
2014-10-02;25;36;20; ; 
2014-10-03;23;31;20; ; 
2014-10-04;32;36;14; ; 
2014-10-05;34;31;20; ; 
2014-10-06;33;36;26; ; 
2014-10-07;27;36;27; ; 
2014-10-08;35;32;27; ; 
2014-10-09;36;24;25; ; 
2014-10-10;21;24;20; ; 
2014-10-11;28;25;17; ; 
2014-10-12;20;25;27; ; 
2014-10-13;18;24;26; ; 
2014-10-14;24;24;24; ; 
2014-10-15;16;21;23; ; 
2014-10-16;26;27;22; ; 
2014-10-17;33;34;16; ; 
2014-10-18;33;34;15; ; 
2014-10-19;43;30;22; ; 
2014-10-20;55;26;31; ; 
2014-10-21;59;28;22; ; 
2014-10-22;47;24;27; ; 
2014-10-23;39;29;29; ; 
2014-10-24;38;33;26; ; 
2014-10-25;45;28;19; ; 
2014-10-26;38;27;20; ; 
2014-10-27;35;28;18; ; 
2014-10-28;37;27;21; ; 
2014-10-29;33;28;21; ; 
2014-10-30;15;27;23; ; 
2014-10-31;31;28;20; ; 
2014-11-01;31;30;18; ; 
2014-11-02;32;22;27; ; 
2014-11-03;25;19;25; ; 
2014-11-04;21;24;22; ; 
2014-11-05;11;21;30; ; 
2014-11-06;20;18;28; ; 
2014-11-07;27;22;21; ; 
2014-11-08;25;25;19; ; 
2014-11-09;16;22;31; ; 
2014-11-10;17;10;29; ; 
2014-11-11;35;7;37; ; 
2014-11-12;42;15;31; ; 
2014-11-13;36;3;31; ; 
2014-11-14;51; ; ; ; 
2014-11-16;1;21;28; ; 
2014-11-17;26;19;31; ; 
2014-11-18;36;20;27; ; 
2014-11-19;42;17;30; ; 
2014-11-20;43;11;35; ; 
2014-11-21;51;15;23; ; 
2014-11-22;58;15;18; ; 
2014-11-23;52;16;24; ; 
2014-11-24;55;16;27; ; 
2014-11-25;64;12;27; ; 
2014-11-26;44;13;26; ; 
2014-11-27;44;20;22; ; 
2014-11-28;17;22;21; ; 
2014-11-29;22;16;20; ; 
2014-11-30;21;15;24; ; 
2014-12-01;25;21;27; ; 
2014-12-02;16;15;29; ; 
2014-12-03;27;14;31; ; 
2014-12-04;25;12;32; ; 
2014-12-05;23;24;25; ; 
2014-12-06;27;29;17; ; 
2014-12-07;10;22;25; ; 
2014-12-08;19;24;22; ; 
2014-12-09;13;21;34; ; 
2014-12-10;23;15;38; ; 
2014-12-11;36;12;36; ; 
2014-12-12;46;16;29; ; 
2014-12-13;55;8;26; ; 
2014-12-14;67;14;31; ; 
2014-12-15;16;14;34; ; 
2014-12-16;23;22;31; ; 
2014-12-17;19;13;34; ; 
2014-12-18;29;8;33; ; 
2014-12-19;45;17;26; ; 
2014-12-20;46;14;26; ; 
2014-12-21;40;15;31; ; 
2014-12-22;46;9;34; ; 
2014-12-23;56;15;31; ; 
2014-12-24;59;17;26; ; 
2014-12-25;60;14;36; ; 
2014-12-26;43;15;28; ; 
2014-12-27;1;21;28; ; 
2014-07-01;30;35;13; ; 
2014-07-02;32;36;12; ; 
2014-07-03;28;42;21; ; 
2014-07-04;24;50;20; ; 
2014-07-05;27;47;12; ; 
2014-07-06;9;29;13; ; 
2014-07-07;15;36;6; ; 
2014-07-08;21;33;6; ; 
2014-07-09;22;36;6; ; 
2014-07-10;21;37;8; ; 
2014-07-11;30;37;3; ; 
2014-07-12;25;37;3; ; 
2014-07-13;20;41;6; ; 
2014-07-14;28;34;7; ; 
2014-07-15;21;35;12; ; 
2014-07-16;22;37;13; ; 
2014-07-17;27;38;14; ; 
2014-07-18;36;49;9; ; 
2014-07-19;40;36;10; ; 
2014-07-20;26;36;17; ; 
2014-07-21;20;38;13; ; 
2014-07-22;26;43;15; ; 
2014-07-23;25;39;12; ; 
2014-07-24;26;41;11; ; 
2014-07-25;27;42;8; ; 
2014-07-26;25;42;6; ; 
2014-07-27;25;41;13; ; 
2014-07-28;31;38;8; ; 
2014-07-29;26;39;8; ; 
2014-07-30;21;40;14; ; 
2014-07-31;29;46;19; ; 
2014-08-01;43;41;15; ; 
2014-08-02;32;38;12; ; 
2014-08-03;24;39;10; ; 
2014-08-04;32;38;10; ; 
2014-08-05;32;36;10; ; 
2014-08-06;34;42;10; ; 
2014-08-07;24;44;10; ; 
2014-08-08;28;46;10; ; 
2014-08-09;33;47;10; ; 
2014-08-10;29;43;14; ; 
2014-08-11;33;35;9; ; 
2014-08-12;33;40;11; ; 
2014-08-13;29;33;6; ; 
2014-08-14;12;32;4; ; 
2014-08-18;26;43;10; ; 
2014-08-19;29;46;14; ; 
2014-08-20;38;41;10; ; 
2014-08-21;41;45;10; ; 
2014-08-22;37;38;8; ; 
2014-08-23;35;35;4; ; 
2014-08-24;23;39;13; ; 
2014-08-25;22;45;17; ; 
2014-08-26;31;42;17; ; 
2014-08-27;40;42;10; ; 
2014-08-28;32;39;9; ; 
2014-08-29;32;36;8; ; 
2014-08-30;28;37;6; ; 
2014-08-31;22;37;14; ; 
2014-09-01;23;38;15; ; 
2014-09-02;31;46;14; ; 
2014-09-03;34;40;11; ; 
2014-09-04;39;37;13; ; 
2014-09-05;38;42;11; ; 
2014-09-06;36;37;10; ; 
2014-09-07;14;37; ; ; 
2014-09-09;38;35;14; ; 
2014-09-10;52;35;17; ; 
2014-09-11;38;35;20; ; 
2014-09-12;27;44;19; ; 
2014-09-13;35;42;11; ; 
2014-09-14;31;36;16; ; 
2014-09-15;31;24;14; ; 
2014-09-16;34;28;16; ; 
2014-09-17;32;29;14; ; 
2014-09-18;21;28;19; ; 
2014-09-19;29;32;13; ; 
2014-09-20;32;36;10; ; 
2014-09-21;31;22;12; ; 
2014-09-22;39;30;18; ; 
2014-09-23;27;36;20; ; 
2014-09-24;32;32;20; ; 
2014-09-25;32;31;20; ; 
2014-09-26;38;27;21; ; 
2014-09-27;37;11;38; ; 
2014-09-28;25;24;23; ; 
2014-09-29;27;28;19; ; 
2014-09-30;25;29;16; ; 
2014-06-07;30;40;8; ; 
2014-06-08;46;36;7; ; 
2014-06-09;37;39;10; ; 
2014-06-10;40;44;14; ; 
2014-06-11;17;44;20; ; 
2014-06-12;33;46;22; ; 
2014-06-13;34;52;16; ; 
2014-06-14;40;50;8; ; 
2014-06-15;39;40;6; ; 
2014-06-16;29;40;12; ; 
2014-06-17;28;48;12; ; 
2014-06-18;30;43;10; ; 
2014-06-19;28;45;15; ; 
2014-06-20;25;47;15; ; 
2014-06-21;29;42;12; ; 
2014-06-22;32;38;12; ; 
2014-06-23;31;28;19; ; 
2014-06-24;31;34;23; ; 
2014-06-25;16;45;25; ; 
2014-06-26;22;48;20; ; 
2014-06-27;31;55;18; ; 
2014-06-28;24;36;12; ; 
2014-06-29;22;38;10; ; 
2014-06-30;24;46;19; ; 
2021-05-02; ;20;8;2; 
2020-03-31; ;30;11;1; 
2019-12-31; ;13;17; ; 
2019-05-02; ;41;12; ; 
2019-05-04; ;41;9; ; 
2019-05-05; ;41;11; ; 
2019-05-06; ;41;14; ; 
2018-12-31; ;9;1; ; 
2018-07-01; ;47;9;1; 
2018-07-02; ;42;16;1; 
2018-07-03; ;50;14;1; 
2018-07-04; ;56;12;1; 
2018-04-01; ;42;18; ; 
2018-04-02; ;39;17;1; 
2018-04-03; ;41;20; ; 
2018-04-04; ;36;17;2; 
2018-04-05; ;40;15;1; 
2018-04-06; ;38;17;1; 
2018-04-07; ;36;14;3; 
2018-04-08; ;35;19; ; 
2018-04-09; ;40;16;3; 
2018-04-10; ;35;15;1; 
2018-04-11; ;38;14;1; 
2018-04-12; ;37;14;1; 
2018-04-13; ;39;14;1; 
2018-04-14; ;42;12;3; 
2018-04-15; ;38;13;1; 
2018-04-16; ;39;13;1; 
2018-04-17; ;41;11;2; 
2018-04-18; ;42;13;2; 
2018-04-19; ;47;6;1; 
2018-04-20; ;43;11;1; 
2018-04-21; ;42;8;1; 
2018-04-22; ;42;11;1; 
2018-04-23; ;44;9;1; 
2018-04-24; ;46;16;1; 
2018-04-25; ;33;14; ; 
2018-04-26; ;36;16; ; 
2018-04-27; ;32;12;1; 
2018-04-28; ;43;8;1; 
2018-04-29; ;42;14;2; 
2018-04-30; ;41;10;1; 
2018-05-01; ;42;15;1; 
2018-05-02; ;37;13;2; 
2018-05-03; ;34;12;3; 
2018-05-04; ;42;9;2; 
2018-05-05; ;46;8;1; 
2018-05-06; ;46;12;2; 
2018-05-07; ;47;13;1; 
2018-05-08; ;46;14;1; 
2018-05-09; ;40;13;1; 
2018-05-10; ;37;15;1; 
2018-05-11; ;45;11;1; 
2018-05-12; ;45;7;1; 
2018-05-13; ;42;13;2; 
2018-05-14; ;36;11;1; 
2018-05-15; ;44;11;1; 
2018-05-16; ;45;12;1; 
2018-05-17; ;49;12;1; 
2018-05-18; ;55;9;1; 
2018-05-19; ;51;7;1; 
2018-05-20; ;54;13;2; 
2018-05-21; ;51;13;1; 
2018-05-22; ;53;10;1; 
2018-05-23; ;54;12;2; 
2018-05-24; ;49;13;1; 
2018-05-25; ;44;7;1; 
2018-05-26; ;43;7;1; 
2018-05-27; ;39;12;1; 
2018-05-28; ;45;8;1; 
2018-05-29; ;47;13;3; 
2018-05-30; ;43;14;1; 
2018-05-31; ;49;10;1; 
2018-06-01; ;46;9;1; 
2018-06-02; ;38;9;1; 
2018-06-03; ;44;14;2; 
2018-06-04; ;40;12;1; 
2018-06-05; ;37;16;2; 
2018-06-06; ;32;16;1; 
2018-06-07; ;38;16;1; 
2018-06-08; ;38;11;2; 
2018-06-09; ;37;9;1; 
2018-06-10; ;37;15;2; 
2018-06-11; ;34;15;1; 
2018-06-12; ;34;13;1; 
2018-06-13; ;43;11;1; 
2018-06-14; ;46;12;1; 
2018-06-15; ;48;9;1; 
2018-06-16; ;49;8;1; 
2018-06-17; ;46;10;1; 
2018-06-18; ;38;10;1; 
2018-06-19; ;35;12;1; 
2018-06-20; ;41;11;1; 
2018-06-21; ;49;13;1; 
2018-06-22; ;53;11;1; 
2018-06-23; ;47;7;1; 
2018-06-24; ;48;10; ; 
2018-06-25; ;48;9;2; 
2018-06-26; ;45;11;1; 
2018-06-27; ;48;11;2; 
2018-06-28; ;47;8;1; 
2018-06-29; ;44;9;1; 
2018-06-30; ;50;9;1; 
2018-01-04; ;16;22;5; 
2018-02-08; ;27;23;3; 
2018-02-09; ;30;16;5; 
2018-02-10; ;28;20;5; 
2018-02-11; ;11;28;4; 
2018-02-12; ;22;26;5; 
2018-02-13; ;26;22;3; 
2018-02-14; ;25;25;2; 
2018-02-15; ;24;22;2; 
2018-02-16; ;27;16;1; 
2018-02-17; ;28;15;1; 
2018-02-18; ;28;18; ; 
2018-02-19; ;24;20;1; 
2018-02-20; ;27;15;1; 
2018-02-21; ;31;19;1; 
2018-02-22; ;34;21;1; 
2018-02-23; ;38;21;1; 
2018-02-24; ;36;22;1; 
2018-02-25; ;37;21;1; 
2018-02-26; ;20;23; ; 
2018-02-27; ;27;17;1; 
2018-02-28; ;29;21;1; 
2018-03-01; ;25;23;2; 
2018-03-02; ;35;18; ; 
2018-03-03; ;18;20;1; 
2018-03-04; ;25;27;1; 
2018-03-05; ;34;33;3; 
2018-03-06; ;33;19;1; 
2018-03-07; ;28;17;1; 
2018-03-08; ;29;21;1; 
2018-03-09; ;29;15;1; 
2018-03-10; ;38;8; ; 
2018-03-11; ;36;17; ; 
2018-03-12; ;30;24;1; 
2018-03-13; ;22;21;1; 
2018-03-14; ;33;21; ; 
2018-03-15; ;29;22; ; 
2018-03-16; ;38;16;1; 
2018-03-17; ;38;11;2; 
2018-03-18; ;35;13;1; 
2018-03-19; ;37;14; ; 
2018-03-20; ;36;14;1; 
2018-03-21; ;34;18;1; 
2018-03-22; ;35;20;3; 
2018-03-23; ;36;8; ; 
2018-03-24; ;39;7;1; 
2018-03-25; ;32;18;1; 
2018-03-26; ;32;19;1; 
2018-03-27; ;37;21;1; 
2018-03-28; ;31;19;2; 
2018-03-29; ;39;12;1; 
2018-03-30; ;39;10; ; 
2018-03-31; ;42;14;3; 
2016-04-06; ;33;21; ; 
2016-04-07; ;32;20; ; 
2016-04-08; ;38;19; ; 
2016-04-09; ;37;17; ; 
2016-04-10; ;34;18; ; 
2016-04-11; ;36;21; ; 
2016-04-12; ;36;21; ; 
2016-04-13; ;45;21; ; 
2016-04-14; ;35;18; ; 
2016-04-15; ;36;18; ; 
2016-04-16; ;32;14; ; 
2016-04-17; ;32;14; ; 
2016-05-08; ;26;16; ; 
2016-05-09; ;34;19; ; 
2016-06-16; ;30;21;5; 
2016-01-03; ;19;14; ; 
2016-01-13; ;7;30; ; 
2016-01-15; ;24;20; ; 
2016-01-16; ;22;23; ; 
2016-01-17; ;20;23; ; 
2016-01-18; ;19;31; ; 
2016-01-19; ;13;32; ; 
2016-01-20; ;18;27; ; 
2016-01-21; ;13;27; ; 
2016-01-22; ;17;20; ; 
2016-01-23; ;25;15; ; 
2016-01-24; ;21;22; ; 
2016-01-25; ;7;28; ; 
2016-01-26; ;5;30; ; 
2016-01-27; ;14;27; ; 
2016-01-28; ;18;24; ; 
2016-01-29; ;22;20; ; 
2016-01-30; ;23;17; ; 
2016-01-31; ;19;22; ; 
2016-02-01; ;16;26; ; 
2016-02-02; ;11;28; ; 
2016-02-25; ;23;27; ; 
2015-12-16; ;9;40; ; 
2015-12-17; ;8;39; ; 
2015-12-20; ;11;29; ; 
2015-05-02; ;54;15; ; 
2015-05-03; ;40;22; ; 
2015-06-09; ;45;15; ; 
2014-12-31; ;21;31; ; 
2015-01-03; ;23;27; ; 
2015-01-04; ;16;31; ; 
2015-01-11; ;14;32; ; 
2015-01-18; ;8;31; ; 
2015-01-25; ;21;33; ; 
2014-11-15; ;26;21; ; 
2014-08-15; ;35;4; ; 
2014-08-16; ;36;3; ; 
2014-08-17; ;37;10; ; 
2014-09-08; ;34;13; ; 
2014-06-06; ;21;20; ; 
